-- MySQL dump 10.13  Distrib 8.0.45, for Win64 (x86_64)
--
-- Host: 127.0.0.1    Database: auction_system
-- ------------------------------------------------------
-- Server version	8.0.45

/*!40101 SET @OLD_CHARACTER_SET_CLIENT=@@CHARACTER_SET_CLIENT */;
/*!40101 SET @OLD_CHARACTER_SET_RESULTS=@@CHARACTER_SET_RESULTS */;
/*!40101 SET @OLD_COLLATION_CONNECTION=@@COLLATION_CONNECTION */;
/*!50503 SET NAMES utf8 */;
/*!40103 SET @OLD_TIME_ZONE=@@TIME_ZONE */;
/*!40103 SET TIME_ZONE='+00:00' */;
/*!40014 SET @OLD_UNIQUE_CHECKS=@@UNIQUE_CHECKS, UNIQUE_CHECKS=0 */;
/*!40014 SET @OLD_FOREIGN_KEY_CHECKS=@@FOREIGN_KEY_CHECKS, FOREIGN_KEY_CHECKS=0 */;
/*!40101 SET @OLD_SQL_MODE=@@SQL_MODE, SQL_MODE='NO_AUTO_VALUE_ON_ZERO' */;
/*!40111 SET @OLD_SQL_NOTES=@@SQL_NOTES, SQL_NOTES=0 */;

--
-- Table structure for table `auction_item`
--

DROP TABLE IF EXISTS `auction_item`;
/*!40101 SET @saved_cs_client     = @@character_set_client */;
/*!50503 SET character_set_client = utf8mb4 */;
CREATE TABLE `auction_item` (
  `id` bigint NOT NULL AUTO_INCREMENT,
  `name` varchar(255) DEFAULT NULL,
  `description` text,
  `start_price` double DEFAULT NULL,
  `current_price` double DEFAULT NULL,
  `end_time` datetime DEFAULT NULL,
  PRIMARY KEY (`id`)
) ENGINE=InnoDB AUTO_INCREMENT=3 DEFAULT CHARSET=utf8mb4 COLLATE=utf8mb4_0900_ai_ci;
/*!40101 SET character_set_client = @saved_cs_client */;

--
-- Dumping data for table `auction_item`
--

LOCK TABLES `auction_item` WRITE;
/*!40000 ALTER TABLE `auction_item` DISABLE KEYS */;
INSERT INTO `auction_item` VALUES (1,'Bình gốm cổ','Đồ gốm thời Nguyễn',1000000,1200000,'2026-03-20 20:00:00'),(2,'Tranh sơn dầu','Tranh phong cảnh',500000,700000,'2026-03-22 18:00:00');
/*!40000 ALTER TABLE `auction_item` ENABLE KEYS */;
UNLOCK TABLES;

--
-- Table structure for table `auction_sessions`
--

DROP TABLE IF EXISTS `auction_sessions`;
/*!40101 SET @saved_cs_client     = @@character_set_client */;
/*!50503 SET character_set_client = utf8mb4 */;
CREATE TABLE `auction_sessions` (
  `id` int NOT NULL AUTO_INCREMENT,
  `current_price` decimal(15,2) NOT NULL,
  `end_time` datetime(6) DEFAULT NULL,
  `start_time` datetime(6) DEFAULT NULL,
  `status` enum('PENDING','ACTIVE','ENDED','CANCELED','REJECTED') DEFAULT NULL,
  `product_id` int DEFAULT NULL,
  `item_id` int DEFAULT NULL,
  `approved_at` datetime(6) DEFAULT NULL,
  `approved_by_admin_id` int DEFAULT NULL,
  `created_at` datetime(6) DEFAULT NULL,
  `reject_reason` text,
  `rejected_at` datetime(6) DEFAULT NULL,
  `rejected_by_admin_id` int DEFAULT NULL,
  `starting_price` decimal(15,2) NOT NULL,
  `step_price` decimal(15,2) NOT NULL,
  `seller_id` int DEFAULT NULL,
  `apply_min_rate` bit(1) DEFAULT b'0',
  `min_rate` decimal(15,2) DEFAULT '0.00',
  `winner_id` int DEFAULT NULL,
  `highest_bidder_id` int DEFAULT NULL,
  `reserve_price` decimal(15,2) DEFAULT NULL,
  PRIMARY KEY (`id`),
  KEY `FK22lotvg0okvk74b3w8cudgh92` (`product_id`),
  KEY `FKk42jfok4qomtvm3uq2cu43geo` (`item_id`),
  KEY `FK86s10x90aml8yaipegrhyu216` (`seller_id`),
  KEY `fk_auction_winner` (`winner_id`),
  CONSTRAINT `FK22lotvg0okvk74b3w8cudgh92` FOREIGN KEY (`product_id`) REFERENCES `products` (`id`),
  CONSTRAINT `FK86s10x90aml8yaipegrhyu216` FOREIGN KEY (`seller_id`) REFERENCES `users` (`id`),
  CONSTRAINT `fk_auction_winner` FOREIGN KEY (`winner_id`) REFERENCES `users` (`id`),
  CONSTRAINT `FKk42jfok4qomtvm3uq2cu43geo` FOREIGN KEY (`item_id`) REFERENCES `items` (`id`)
) ENGINE=InnoDB AUTO_INCREMENT=10 DEFAULT CHARSET=utf8mb4 COLLATE=utf8mb4_0900_ai_ci;
/*!40101 SET character_set_client = @saved_cs_client */;

--
-- Dumping data for table `auction_sessions`
--

LOCK TABLES `auction_sessions` WRITE;
/*!40000 ALTER TABLE `auction_sessions` DISABLE KEYS */;
INSERT INTO `auction_sessions` VALUES (1,1401000.00,'2026-06-15 13:00:00.000000','2026-04-13 01:00:00.000000','ACTIVE',1,1,NULL,NULL,NULL,NULL,NULL,NULL,0.00,0.00,NULL,_binary '\0',0.00,12,12,NULL),(2,99999999999.00,'2026-06-21 05:00:00.000000','2026-04-21 04:26:00.000000','ACTIVE',2,2,NULL,NULL,NULL,NULL,NULL,NULL,0.00,0.00,NULL,_binary '\0',0.00,NULL,NULL,NULL),(3,9999999999.00,'2026-06-21 07:00:00.000000','2026-04-21 06:12:00.000000','ACTIVE',1,2,NULL,NULL,NULL,NULL,NULL,NULL,0.00,0.00,NULL,_binary '\0',0.00,NULL,NULL,NULL),(4,500000.00,'2026-04-25 07:00:00.000000','2026-04-21 07:16:00.000000','ENDED',NULL,3,NULL,NULL,NULL,NULL,NULL,NULL,0.00,0.00,NULL,_binary '\0',0.00,NULL,NULL,NULL),(5,500000.00,'2026-04-25 07:00:00.000000','2026-04-21 07:21:00.000000','ENDED',NULL,4,NULL,NULL,NULL,NULL,NULL,NULL,0.00,0.00,NULL,_binary '\0',0.00,NULL,NULL,NULL),(6,500000.00,'2026-04-25 07:00:00.000000','2026-04-21 07:35:00.000000','ENDED',NULL,5,NULL,NULL,NULL,NULL,NULL,NULL,0.00,0.00,NULL,_binary '\0',0.00,NULL,NULL,NULL),(7,50000.00,'2026-04-30 11:00:00.000000','2026-04-23 10:47:46.000000','ENDED',NULL,7,NULL,NULL,'2026-04-23 10:42:46.985206',NULL,NULL,NULL,50000.00,50000.00,14,_binary '\0',0.00,NULL,NULL,NULL),(8,500000.00,'2026-04-30 11:00:00.000000','2026-04-23 10:52:02.000000','ENDED',NULL,8,NULL,NULL,'2026-04-23 10:47:02.700684',NULL,NULL,NULL,500000.00,5000.00,14,_binary '\0',0.00,NULL,NULL,NULL),(9,1.00,'2026-04-30 11:00:00.000000','2026-04-23 10:57:05.340038','ENDED',NULL,9,'2026-04-23 10:57:05.340038',15,'2026-04-23 10:56:21.949887',NULL,NULL,NULL,1.00,1.00,14,_binary '\0',0.00,NULL,NULL,NULL);
/*!40000 ALTER TABLE `auction_sessions` ENABLE KEYS */;
UNLOCK TABLES;

--
-- Table structure for table `bids`
--

DROP TABLE IF EXISTS `bids`;
/*!40101 SET @saved_cs_client     = @@character_set_client */;
/*!50503 SET character_set_client = utf8mb4 */;
CREATE TABLE `bids` (
  `id` int NOT NULL AUTO_INCREMENT,
  `item_id` int DEFAULT NULL,
  `username` varchar(50) DEFAULT NULL,
  `bid_amount` double DEFAULT NULL,
  `bid_time` datetime DEFAULT CURRENT_TIMESTAMP,
  `bidder_id` int DEFAULT NULL,
  `amount` decimal(38,2) DEFAULT NULL,
  `time` datetime(6) DEFAULT NULL,
  `session_id` int DEFAULT NULL,
  PRIMARY KEY (`id`),
  KEY `FKmtrc6tnwawlpk1u2km6qnxbha` (`bidder_id`),
  KEY `FKcodn6nqli14j1kcu37a12e92a` (`session_id`),
  CONSTRAINT `FK_bids_session_new` FOREIGN KEY (`session_id`) REFERENCES `auction_sessions` (`id`) ON DELETE CASCADE ON UPDATE CASCADE,
  CONSTRAINT `FKcodn6nqli14j1kcu37a12e92a` FOREIGN KEY (`session_id`) REFERENCES `auction_sessions` (`id`),
  CONSTRAINT `FKmtrc6tnwawlpk1u2km6qnxbha` FOREIGN KEY (`bidder_id`) REFERENCES `users` (`id`)
) ENGINE=InnoDB AUTO_INCREMENT=892 DEFAULT CHARSET=utf8mb4 COLLATE=utf8mb4_0900_ai_ci;
/*!40101 SET character_set_client = @saved_cs_client */;

--
-- Dumping data for table `bids`
--

LOCK TABLES `bids` WRITE;
/*!40000 ALTER TABLE `bids` DISABLE KEYS */;
INSERT INTO `bids` VALUES (1,3,'admin',7600000,'2026-03-18 12:06:16',NULL,NULL,NULL,NULL),(2,3,'minh',7700000,'2026-03-18 12:12:11',NULL,NULL,NULL,NULL),(3,3,'minh',7800000,'2026-03-18 12:13:18',NULL,NULL,NULL,NULL),(4,3,'minh',7800001,'2026-03-18 12:25:20',NULL,NULL,NULL,NULL),(5,1,'admin',27500001,'2026-03-18 12:39:03',NULL,NULL,NULL,NULL),(6,3,'admin',7800002,'2026-03-18 13:12:08',NULL,NULL,NULL,NULL),(7,2,'admin',31000000,'2026-03-18 13:50:23',NULL,NULL,NULL,NULL),(8,NULL,NULL,NULL,'2026-05-09 16:14:41',14,1003.00,'2026-05-09 09:14:41.217542',1),(9,NULL,NULL,NULL,'2026-05-09 16:14:41',15,1004.00,'2026-05-09 09:14:41.263541',1),(10,NULL,NULL,NULL,'2026-05-09 16:14:41',10,1011.00,'2026-05-09 09:14:41.281543',1),(11,NULL,NULL,NULL,'2026-05-09 16:14:41',10,1016.00,'2026-05-09 09:14:41.334541',1),(12,NULL,NULL,NULL,'2026-05-09 16:14:41',10,1021.00,'2026-05-09 09:14:41.394543',1),(13,NULL,NULL,NULL,'2026-05-09 16:14:41',14,1023.00,'2026-05-09 09:14:41.413542',1),(14,NULL,NULL,NULL,'2026-05-09 16:14:41',10,1026.00,'2026-05-09 09:14:41.450541',1),(15,NULL,NULL,NULL,'2026-05-09 16:14:41',12,1027.00,'2026-05-09 09:14:41.469542',1),(16,NULL,NULL,NULL,'2026-05-09 16:14:41',14,1028.00,'2026-05-09 09:14:41.485543',1),(17,NULL,NULL,NULL,'2026-05-09 16:14:41',10,1031.00,'2026-05-09 09:14:41.521541',1),(18,NULL,NULL,NULL,'2026-05-09 16:14:41',12,1032.00,'2026-05-09 09:14:41.539558',1),(19,NULL,NULL,NULL,'2026-05-09 16:14:41',15,1034.00,'2026-05-09 09:14:41.555542',1),(20,NULL,NULL,NULL,'2026-05-09 16:14:41',10,1036.00,'2026-05-09 09:14:41.572542',1),(21,NULL,NULL,NULL,'2026-05-09 16:14:41',12,1037.00,'2026-05-09 09:14:41.589543',1),(22,NULL,NULL,NULL,'2026-05-09 16:14:41',14,1038.00,'2026-05-09 09:14:41.603543',1),(23,NULL,NULL,NULL,'2026-05-09 16:14:41',15,1039.00,'2026-05-09 09:14:41.618543',1),(24,NULL,NULL,NULL,'2026-05-09 16:14:41',12,1042.00,'2026-05-09 09:14:41.647541',1),(25,NULL,NULL,NULL,'2026-05-09 16:14:41',14,1043.00,'2026-05-09 09:14:41.667544',1),(26,NULL,NULL,NULL,'2026-05-09 16:14:41',12,1047.00,'2026-05-09 09:14:41.712586',1),(27,NULL,NULL,NULL,'2026-05-09 16:14:41',14,1048.00,'2026-05-09 09:14:41.743543',1),(28,NULL,NULL,NULL,'2026-05-09 16:14:41',10,1051.00,'2026-05-09 09:14:41.789630',1),(29,NULL,NULL,NULL,'2026-05-09 16:14:41',15,1054.00,'2026-05-09 09:14:41.815587',1),(30,NULL,NULL,NULL,'2026-05-09 16:14:41',12,1057.00,'2026-05-09 09:14:41.867368',1),(31,NULL,NULL,NULL,'2026-05-09 16:14:41',14,1058.00,'2026-05-09 09:14:41.884602',1),(32,NULL,NULL,NULL,'2026-05-09 16:14:41',15,1059.00,'2026-05-09 09:14:41.906040',1),(33,NULL,NULL,NULL,'2026-05-09 16:14:41',12,1062.00,'2026-05-09 09:14:41.939688',1),(34,NULL,NULL,NULL,'2026-05-09 16:14:41',14,1063.00,'2026-05-09 09:14:41.958695',1),(35,NULL,NULL,NULL,'2026-05-09 16:14:41',15,1064.00,'2026-05-09 09:14:41.971695',1),(36,NULL,NULL,NULL,'2026-05-09 16:14:42',10,1066.00,'2026-05-09 09:14:42.003943',1),(37,NULL,NULL,NULL,'2026-05-09 16:14:42',12,1067.00,'2026-05-09 09:14:42.018033',1),(38,NULL,NULL,NULL,'2026-05-09 16:14:42',15,1069.00,'2026-05-09 09:14:42.033154',1),(39,NULL,NULL,NULL,'2026-05-09 16:14:42',10,1071.00,'2026-05-09 09:14:42.066913',1),(40,NULL,NULL,NULL,'2026-05-09 16:14:42',12,1072.00,'2026-05-09 09:14:42.083924',1),(41,NULL,NULL,NULL,'2026-05-09 16:14:42',14,1073.00,'2026-05-09 09:14:42.098669',1),(42,NULL,NULL,NULL,'2026-05-09 16:14:42',15,1074.00,'2026-05-09 09:14:42.117538',1),(43,NULL,NULL,NULL,'2026-05-09 16:14:42',10,1076.00,'2026-05-09 09:14:42.136729',1),(44,NULL,NULL,NULL,'2026-05-09 16:14:42',12,1077.00,'2026-05-09 09:14:42.156872',1),(45,NULL,NULL,NULL,'2026-05-09 16:14:42',14,1078.00,'2026-05-09 09:14:42.173061',1),(46,NULL,NULL,NULL,'2026-05-09 16:14:42',12,1082.00,'2026-05-09 09:14:42.187749',1),(47,NULL,NULL,NULL,'2026-05-09 16:14:42',14,1083.00,'2026-05-09 09:14:42.210210',1),(48,NULL,NULL,NULL,'2026-05-09 16:14:42',10,1086.00,'2026-05-09 09:14:42.222628',1),(49,NULL,NULL,NULL,'2026-05-09 16:14:42',12,1087.00,'2026-05-09 09:14:42.241203',1),(50,NULL,NULL,NULL,'2026-05-09 16:14:42',14,1088.00,'2026-05-09 09:14:42.255227',1),(51,NULL,NULL,NULL,'2026-05-09 16:14:42',15,1089.00,'2026-05-09 09:14:42.271224',1),(52,NULL,NULL,NULL,'2026-05-09 16:14:42',10,1091.00,'2026-05-09 09:14:42.301226',1),(53,NULL,NULL,NULL,'2026-05-09 16:14:42',12,1092.00,'2026-05-09 09:14:42.318225',1),(54,NULL,NULL,NULL,'2026-05-09 16:14:42',14,1093.00,'2026-05-09 09:14:42.335226',1),(55,NULL,NULL,NULL,'2026-05-09 16:14:42',15,1094.00,'2026-05-09 09:14:42.355139',1),(56,NULL,NULL,NULL,'2026-05-09 16:14:42',10,1096.00,'2026-05-09 09:14:42.388136',1),(57,NULL,NULL,NULL,'2026-05-09 16:14:42',14,1098.00,'2026-05-09 09:14:42.404224',1),(58,NULL,NULL,NULL,'2026-05-09 16:14:42',15,1099.00,'2026-05-09 09:14:42.422138',1),(59,NULL,NULL,NULL,'2026-05-09 16:14:43',12,9999999.00,'2026-05-09 09:14:43.813028',1),(60,NULL,NULL,NULL,'2026-05-09 17:23:44',14,1008.00,'2026-05-09 10:23:44.528172',1),(61,NULL,NULL,NULL,'2026-05-09 17:23:44',12,1012.00,'2026-05-09 10:23:44.601184',1),(62,NULL,NULL,NULL,'2026-05-09 17:23:44',15,1014.00,'2026-05-09 10:23:44.632675',1),(63,NULL,NULL,NULL,'2026-05-09 17:23:44',15,1029.00,'2026-05-09 10:23:44.654614',1),(64,NULL,NULL,NULL,'2026-05-09 17:23:44',12,1032.00,'2026-05-09 10:23:44.717442',1),(65,NULL,NULL,NULL,'2026-05-09 17:23:44',14,1033.00,'2026-05-09 10:23:44.738609',1),(66,NULL,NULL,NULL,'2026-05-09 17:23:44',15,1034.00,'2026-05-09 10:23:44.769861',1),(67,NULL,NULL,NULL,'2026-05-09 17:23:44',10,1036.00,'2026-05-09 10:23:44.785603',1),(68,NULL,NULL,NULL,'2026-05-09 17:23:44',12,1037.00,'2026-05-09 10:23:44.801225',1),(69,NULL,NULL,NULL,'2026-05-09 17:23:44',10,1041.00,'2026-05-09 10:23:44.832429',1),(70,NULL,NULL,NULL,'2026-05-09 17:23:44',12,1042.00,'2026-05-09 10:23:44.854580',1),(71,NULL,NULL,NULL,'2026-05-09 17:23:44',14,1043.00,'2026-05-09 10:23:44.870203',1),(72,NULL,NULL,NULL,'2026-05-09 17:23:44',15,1044.00,'2026-05-09 10:23:44.886335',1),(73,NULL,NULL,NULL,'2026-05-09 17:23:44',10,1046.00,'2026-05-09 10:23:44.917590',1),(74,NULL,NULL,NULL,'2026-05-09 17:23:44',12,1047.00,'2026-05-09 10:23:44.938813',1),(75,NULL,NULL,NULL,'2026-05-09 17:23:44',14,1048.00,'2026-05-09 10:23:44.954785',1),(76,NULL,NULL,NULL,'2026-05-09 17:23:44',15,1049.00,'2026-05-09 10:23:44.970408',1),(77,NULL,NULL,NULL,'2026-05-09 17:23:45',14,1053.00,'2026-05-09 10:23:45.001772',1),(78,NULL,NULL,NULL,'2026-05-09 17:23:45',15,1054.00,'2026-05-09 10:23:45.017391',1),(79,NULL,NULL,NULL,'2026-05-09 17:23:45',10,1056.00,'2026-05-09 10:23:45.038991',1),(80,NULL,NULL,NULL,'2026-05-09 17:23:45',14,1058.00,'2026-05-09 10:23:45.070505',1),(81,NULL,NULL,NULL,'2026-05-09 17:23:45',10,1061.00,'2026-05-09 10:23:45.101753',1),(82,NULL,NULL,NULL,'2026-05-09 17:23:45',14,1063.00,'2026-05-09 10:23:45.117374',1),(83,NULL,NULL,NULL,'2026-05-09 17:23:45',15,1064.00,'2026-05-09 10:23:45.138898',1),(84,NULL,NULL,NULL,'2026-05-09 17:23:45',12,1067.00,'2026-05-09 10:23:45.154602',1),(85,NULL,NULL,NULL,'2026-05-09 17:23:45',15,1069.00,'2026-05-09 10:23:45.170150',1),(86,NULL,NULL,NULL,'2026-05-09 17:23:45',10,1071.00,'2026-05-09 10:23:45.185774',1),(87,NULL,NULL,NULL,'2026-05-09 17:23:45',14,1073.00,'2026-05-09 10:23:45.201506',1),(88,NULL,NULL,NULL,'2026-05-09 17:23:45',12,1077.00,'2026-05-09 10:23:45.239264',1),(89,NULL,NULL,NULL,'2026-05-09 17:23:45',14,1078.00,'2026-05-09 10:23:45.239264',1),(90,NULL,NULL,NULL,'2026-05-09 17:23:45',15,1079.00,'2026-05-09 10:23:45.254913',1),(91,NULL,NULL,NULL,'2026-05-09 17:23:45',10,1081.00,'2026-05-09 10:23:45.270718',1),(92,NULL,NULL,NULL,'2026-05-09 17:23:45',12,1082.00,'2026-05-09 10:23:45.286342',1),(93,NULL,NULL,NULL,'2026-05-09 17:23:45',15,1084.00,'2026-05-09 10:23:45.302225',1),(94,NULL,NULL,NULL,'2026-05-09 17:23:45',12,1087.00,'2026-05-09 10:23:45.339485',1),(95,NULL,NULL,NULL,'2026-05-09 17:23:45',14,1088.00,'2026-05-09 10:23:45.355399',1),(96,NULL,NULL,NULL,'2026-05-09 17:23:45',15,1089.00,'2026-05-09 10:23:45.386993',1),(97,NULL,NULL,NULL,'2026-05-09 17:23:45',14,1093.00,'2026-05-09 10:23:45.402609',1),(98,NULL,NULL,NULL,'2026-05-09 17:23:45',15,1094.00,'2026-05-09 10:23:45.418231',1),(99,NULL,NULL,NULL,'2026-05-09 17:23:45',10,1096.00,'2026-05-09 10:23:45.439447',1),(100,NULL,NULL,NULL,'2026-05-09 17:23:45',14,1098.00,'2026-05-09 10:23:45.455079',1),(101,NULL,NULL,NULL,'2026-05-09 17:23:45',15,1099.00,'2026-05-09 10:23:45.470700',1),(102,NULL,NULL,NULL,'2026-05-09 17:23:46',12,9999999.00,'2026-05-09 10:23:46.789599',1),(106,NULL,NULL,NULL,'2026-05-11 19:41:25',10,9999.00,'2026-05-11 12:41:25.320849',3),(107,NULL,NULL,NULL,'2026-05-11 19:47:04',10,10000.00,'2026-05-11 12:47:04.113870',3),(108,NULL,NULL,NULL,'2026-05-11 19:47:22',10,999999.00,'2026-05-11 12:47:22.586648',3),(109,NULL,NULL,NULL,'2026-05-11 19:51:50',12,1007.00,'2026-05-11 12:51:50.373140',1),(110,NULL,NULL,NULL,'2026-05-11 19:51:50',12,1012.00,'2026-05-11 12:51:50.444140',1),(111,NULL,NULL,NULL,'2026-05-11 19:51:50',15,1024.00,'2026-05-11 12:51:50.481139',1),(112,NULL,NULL,NULL,'2026-05-11 19:51:50',10,1026.00,'2026-05-11 12:51:50.533753',1),(113,NULL,NULL,NULL,'2026-05-11 19:51:50',12,1027.00,'2026-05-11 12:51:50.547540',1),(114,NULL,NULL,NULL,'2026-05-11 19:51:50',15,1029.00,'2026-05-11 12:51:50.559247',1),(115,NULL,NULL,NULL,'2026-05-11 19:51:50',10,1031.00,'2026-05-11 12:51:50.588817',1),(116,NULL,NULL,NULL,'2026-05-11 19:51:50',15,1034.00,'2026-05-11 12:51:50.602817',1),(117,NULL,NULL,NULL,'2026-05-11 19:51:50',10,1036.00,'2026-05-11 12:51:50.654999',1),(118,NULL,NULL,NULL,'2026-05-11 19:51:50',12,1037.00,'2026-05-11 12:51:50.673033',1),(119,NULL,NULL,NULL,'2026-05-11 19:51:50',14,1038.00,'2026-05-11 12:51:50.697622',1),(120,NULL,NULL,NULL,'2026-05-11 19:51:50',15,1039.00,'2026-05-11 12:51:50.715562',1),(121,NULL,NULL,NULL,'2026-05-11 19:51:50',10,1041.00,'2026-05-11 12:51:50.740917',1),(122,NULL,NULL,NULL,'2026-05-11 19:51:50',12,1042.00,'2026-05-11 12:51:50.753476',1),(123,NULL,NULL,NULL,'2026-05-11 19:51:50',10,1046.00,'2026-05-11 12:51:50.768349',1),(124,NULL,NULL,NULL,'2026-05-11 19:51:50',12,1047.00,'2026-05-11 12:51:50.787760',1),(125,NULL,NULL,NULL,'2026-05-11 19:51:50',14,1048.00,'2026-05-11 12:51:50.803325',1),(126,NULL,NULL,NULL,'2026-05-11 19:51:50',10,1051.00,'2026-05-11 12:51:50.831471',1),(127,NULL,NULL,NULL,'2026-05-11 19:51:50',12,1052.00,'2026-05-11 12:51:50.846472',1),(128,NULL,NULL,NULL,'2026-05-11 19:51:50',14,1053.00,'2026-05-11 12:51:50.865471',1),(129,NULL,NULL,NULL,'2026-05-11 19:51:50',10,1056.00,'2026-05-11 12:51:50.898473',1),(130,NULL,NULL,NULL,'2026-05-11 19:51:50',14,1058.00,'2026-05-11 12:51:50.914472',1),(131,NULL,NULL,NULL,'2026-05-11 19:51:50',15,1059.00,'2026-05-11 12:51:50.934472',1),(132,NULL,NULL,NULL,'2026-05-11 19:51:50',10,1061.00,'2026-05-11 12:51:50.948471',1),(133,NULL,NULL,NULL,'2026-05-11 19:51:50',12,1062.00,'2026-05-11 12:51:50.962472',1),(134,NULL,NULL,NULL,'2026-05-11 19:51:50',15,1064.00,'2026-05-11 12:51:50.979508',1),(135,NULL,NULL,NULL,'2026-05-11 19:51:51',12,1067.00,'2026-05-11 12:51:51.014472',1),(136,NULL,NULL,NULL,'2026-05-11 19:51:51',14,1068.00,'2026-05-11 12:51:51.030474',1),(137,NULL,NULL,NULL,'2026-05-11 19:51:51',15,1069.00,'2026-05-11 12:51:51.045473',1),(138,NULL,NULL,NULL,'2026-05-11 19:51:51',10,1071.00,'2026-05-11 12:51:51.070474',1),(139,NULL,NULL,NULL,'2026-05-11 19:51:51',12,1072.00,'2026-05-11 12:51:51.086477',1),(140,NULL,NULL,NULL,'2026-05-11 19:51:51',14,1073.00,'2026-05-11 12:51:51.099471',1),(141,NULL,NULL,NULL,'2026-05-11 19:51:51',15,1074.00,'2026-05-11 12:51:51.112862',1),(142,NULL,NULL,NULL,'2026-05-11 19:51:51',12,1077.00,'2026-05-11 12:51:51.137905',1),(143,NULL,NULL,NULL,'2026-05-11 19:51:51',12,1082.00,'2026-05-11 12:51:51.177298',1),(144,NULL,NULL,NULL,'2026-05-11 19:51:51',14,1083.00,'2026-05-11 12:51:51.201296',1),(145,NULL,NULL,NULL,'2026-05-11 19:51:51',15,1084.00,'2026-05-11 12:51:51.224297',1),(146,NULL,NULL,NULL,'2026-05-11 19:51:51',10,1086.00,'2026-05-11 12:51:51.243298',1),(147,NULL,NULL,NULL,'2026-05-11 19:51:51',12,1087.00,'2026-05-11 12:51:51.264296',1),(148,NULL,NULL,NULL,'2026-05-11 19:51:51',14,1088.00,'2026-05-11 12:51:51.284284',1),(149,NULL,NULL,NULL,'2026-05-11 19:51:51',15,1089.00,'2026-05-11 12:51:51.299285',1),(150,NULL,NULL,NULL,'2026-05-11 19:51:51',10,1091.00,'2026-05-11 12:51:51.324079',1),(151,NULL,NULL,NULL,'2026-05-11 19:51:51',12,1092.00,'2026-05-11 12:51:51.339153',1),(152,NULL,NULL,NULL,'2026-05-11 19:51:51',14,1093.00,'2026-05-11 12:51:51.352079',1),(153,NULL,NULL,NULL,'2026-05-11 19:51:51',10,1096.00,'2026-05-11 12:51:51.379079',1),(154,NULL,NULL,NULL,'2026-05-11 19:51:51',12,1097.00,'2026-05-11 12:51:51.397153',1),(155,NULL,NULL,NULL,'2026-05-11 19:51:51',14,1098.00,'2026-05-11 12:51:51.415078',1),(156,NULL,NULL,NULL,'2026-05-11 19:51:51',15,1099.00,'2026-05-11 12:51:51.430078',1),(157,NULL,NULL,NULL,'2026-05-11 19:53:32',10,1001.00,'2026-05-11 12:53:32.574366',1),(158,NULL,NULL,NULL,'2026-05-11 19:53:32',15,1004.00,'2026-05-11 12:53:32.616365',1),(159,NULL,NULL,NULL,'2026-05-11 19:53:32',12,1007.00,'2026-05-11 12:53:32.636366',1),(160,NULL,NULL,NULL,'2026-05-11 19:53:32',15,1009.00,'2026-05-11 12:53:32.669366',1),(161,NULL,NULL,NULL,'2026-05-11 19:53:32',10,1011.00,'2026-05-11 12:53:32.688366',1),(162,NULL,NULL,NULL,'2026-05-11 19:53:32',14,1013.00,'2026-05-11 12:53:32.707365',1),(163,NULL,NULL,NULL,'2026-05-11 19:53:32',15,1014.00,'2026-05-11 12:53:32.727746',1),(164,NULL,NULL,NULL,'2026-05-11 19:53:32',15,1019.00,'2026-05-11 12:53:32.755182',1),(165,NULL,NULL,NULL,'2026-05-11 19:53:32',12,1027.00,'2026-05-11 12:53:32.825824',1),(166,NULL,NULL,NULL,'2026-05-11 19:53:32',10,1031.00,'2026-05-11 12:53:32.862823',1),(167,NULL,NULL,NULL,'2026-05-11 19:53:32',12,1032.00,'2026-05-11 12:53:32.880908',1),(168,NULL,NULL,NULL,'2026-05-11 19:53:32',10,1036.00,'2026-05-11 12:53:32.899824',1),(169,NULL,NULL,NULL,'2026-05-11 19:53:32',14,1038.00,'2026-05-11 12:53:32.924823',1),(170,NULL,NULL,NULL,'2026-05-11 19:53:32',10,1041.00,'2026-05-11 12:53:32.944825',1),(171,NULL,NULL,NULL,'2026-05-11 19:53:32',12,1042.00,'2026-05-11 12:53:32.964826',1),(172,NULL,NULL,NULL,'2026-05-11 19:53:32',15,1044.00,'2026-05-11 12:53:32.981824',1),(173,NULL,NULL,NULL,'2026-05-11 19:53:33',10,1046.00,'2026-05-11 12:53:33.011826',1),(174,NULL,NULL,NULL,'2026-05-11 19:53:33',14,1048.00,'2026-05-11 12:53:33.027926',1),(175,NULL,NULL,NULL,'2026-05-11 19:53:33',15,1049.00,'2026-05-11 12:53:33.055829',1),(176,NULL,NULL,NULL,'2026-05-11 19:53:33',14,1053.00,'2026-05-11 12:53:33.075824',1),(177,NULL,NULL,NULL,'2026-05-11 19:53:33',10,1056.00,'2026-05-11 12:53:33.116341',1),(178,NULL,NULL,NULL,'2026-05-11 19:53:33',14,1058.00,'2026-05-11 12:53:33.132214',1),(179,NULL,NULL,NULL,'2026-05-11 19:53:33',15,1059.00,'2026-05-11 12:53:33.147009',1),(180,NULL,NULL,NULL,'2026-05-11 19:53:33',10,1061.00,'2026-05-11 12:53:33.173567',1),(181,NULL,NULL,NULL,'2026-05-11 19:53:33',12,1062.00,'2026-05-11 12:53:33.187614',1),(182,NULL,NULL,NULL,'2026-05-11 19:53:33',10,1066.00,'2026-05-11 12:53:33.222614',1),(183,NULL,NULL,NULL,'2026-05-11 19:53:33',12,1067.00,'2026-05-11 12:53:33.241097',1),(184,NULL,NULL,NULL,'2026-05-11 19:53:33',15,1069.00,'2026-05-11 12:53:33.256097',1),(185,NULL,NULL,NULL,'2026-05-11 19:53:33',10,1071.00,'2026-05-11 12:53:33.288095',1),(186,NULL,NULL,NULL,'2026-05-11 19:53:33',12,1072.00,'2026-05-11 12:53:33.303146',1),(187,NULL,NULL,NULL,'2026-05-11 19:53:33',14,1073.00,'2026-05-11 12:53:33.317147',1),(188,NULL,NULL,NULL,'2026-05-11 19:53:33',10,1076.00,'2026-05-11 12:53:33.331147',1),(189,NULL,NULL,NULL,'2026-05-11 19:53:33',12,1077.00,'2026-05-11 12:53:33.357145',1),(190,NULL,NULL,NULL,'2026-05-11 19:53:33',15,1079.00,'2026-05-11 12:53:33.375147',1),(191,NULL,NULL,NULL,'2026-05-11 19:53:33',10,1081.00,'2026-05-11 12:53:33.414148',1),(192,NULL,NULL,NULL,'2026-05-11 19:53:33',12,1082.00,'2026-05-11 12:53:33.431147',1),(193,NULL,NULL,NULL,'2026-05-11 19:53:33',14,1083.00,'2026-05-11 12:53:33.448148',1),(194,NULL,NULL,NULL,'2026-05-11 19:53:33',10,1086.00,'2026-05-11 12:53:33.496145',1),(195,NULL,NULL,NULL,'2026-05-11 19:53:33',12,1087.00,'2026-05-11 12:53:33.517146',1),(196,NULL,NULL,NULL,'2026-05-11 19:53:33',14,1088.00,'2026-05-11 12:53:33.545145',1),(197,NULL,NULL,NULL,'2026-05-11 19:53:33',15,1089.00,'2026-05-11 12:53:33.563147',1),(198,NULL,NULL,NULL,'2026-05-11 19:53:33',12,1092.00,'2026-05-11 12:53:33.624144',1),(199,NULL,NULL,NULL,'2026-05-11 19:53:33',14,1093.00,'2026-05-11 12:53:33.665144',1),(200,NULL,NULL,NULL,'2026-05-11 19:53:33',15,1094.00,'2026-05-11 12:53:33.691558',1),(201,NULL,NULL,NULL,'2026-05-11 19:53:33',15,1099.00,'2026-05-11 12:53:33.730872',1),(202,NULL,NULL,NULL,'2026-05-11 19:55:11',10,1001.00,'2026-05-11 12:55:11.558877',1),(203,NULL,NULL,NULL,'2026-05-11 19:55:11',14,1008.00,'2026-05-11 12:55:11.593877',1),(204,NULL,NULL,NULL,'2026-05-11 19:55:11',12,1012.00,'2026-05-11 12:55:11.620878',1),(205,NULL,NULL,NULL,'2026-05-11 19:55:11',15,1014.00,'2026-05-11 12:55:11.649878',1),(206,NULL,NULL,NULL,'2026-05-11 19:55:11',10,1021.00,'2026-05-11 12:55:11.674877',1),(207,NULL,NULL,NULL,'2026-05-11 19:55:11',12,1022.00,'2026-05-11 12:55:11.704877',1),(208,NULL,NULL,NULL,'2026-05-11 19:55:11',14,1023.00,'2026-05-11 12:55:11.718878',1),(209,NULL,NULL,NULL,'2026-05-11 19:55:11',15,1029.00,'2026-05-11 12:55:11.735343',1),(210,NULL,NULL,NULL,'2026-05-11 19:55:11',12,1037.00,'2026-05-11 12:55:11.792045',1),(211,NULL,NULL,NULL,'2026-05-11 19:55:11',14,1038.00,'2026-05-11 12:55:11.812649',1),(212,NULL,NULL,NULL,'2026-05-11 19:55:11',12,1042.00,'2026-05-11 12:55:11.842533',1),(213,NULL,NULL,NULL,'2026-05-11 19:55:11',14,1043.00,'2026-05-11 12:55:11.860353',1),(214,NULL,NULL,NULL,'2026-05-11 19:55:11',10,1046.00,'2026-05-11 12:55:11.890349',1),(215,NULL,NULL,NULL,'2026-05-11 19:55:11',14,1048.00,'2026-05-11 12:55:11.906130',1),(216,NULL,NULL,NULL,'2026-05-11 19:55:11',15,1049.00,'2026-05-11 12:55:11.924134',1),(217,NULL,NULL,NULL,'2026-05-11 19:55:11',10,1051.00,'2026-05-11 12:55:11.951130',1),(218,NULL,NULL,NULL,'2026-05-11 19:55:11',12,1052.00,'2026-05-11 12:55:11.970130',1),(219,NULL,NULL,NULL,'2026-05-11 19:55:11',14,1053.00,'2026-05-11 12:55:11.987040',1),(220,NULL,NULL,NULL,'2026-05-11 19:55:12',10,1056.00,'2026-05-11 12:55:12.017272',1),(221,NULL,NULL,NULL,'2026-05-11 19:55:12',12,1057.00,'2026-05-11 12:55:12.030618',1),(222,NULL,NULL,NULL,'2026-05-11 19:55:12',12,1062.00,'2026-05-11 12:55:12.042951',1),(223,NULL,NULL,NULL,'2026-05-11 19:55:12',15,1064.00,'2026-05-11 12:55:12.065863',1),(224,NULL,NULL,NULL,'2026-05-11 19:55:12',12,1067.00,'2026-05-11 12:55:12.084782',1),(225,NULL,NULL,NULL,'2026-05-11 19:55:12',15,1069.00,'2026-05-11 12:55:12.098989',1),(226,NULL,NULL,NULL,'2026-05-11 19:55:12',14,1073.00,'2026-05-11 12:55:12.139088',1),(227,NULL,NULL,NULL,'2026-05-11 19:55:12',15,1074.00,'2026-05-11 12:55:12.155990',1),(228,NULL,NULL,NULL,'2026-05-11 19:55:12',14,1078.00,'2026-05-11 12:55:12.182989',1),(229,NULL,NULL,NULL,'2026-05-11 19:55:12',15,1079.00,'2026-05-11 12:55:12.209036',1),(230,NULL,NULL,NULL,'2026-05-11 19:55:12',10,1081.00,'2026-05-11 12:55:12.237228',1),(231,NULL,NULL,NULL,'2026-05-11 19:55:12',12,1082.00,'2026-05-11 12:55:12.251358',1),(232,NULL,NULL,NULL,'2026-05-11 19:55:12',15,1084.00,'2026-05-11 12:55:12.264312',1),(233,NULL,NULL,NULL,'2026-05-11 19:55:12',10,1086.00,'2026-05-11 12:55:12.298458',1),(234,NULL,NULL,NULL,'2026-05-11 19:55:12',14,1088.00,'2026-05-11 12:55:12.323457',1),(235,NULL,NULL,NULL,'2026-05-11 19:55:12',15,1089.00,'2026-05-11 12:55:12.353457',1),(236,NULL,NULL,NULL,'2026-05-11 19:55:12',10,1091.00,'2026-05-11 12:55:12.375456',1),(237,NULL,NULL,NULL,'2026-05-11 19:55:12',12,1092.00,'2026-05-11 12:55:12.408395',1),(238,NULL,NULL,NULL,'2026-05-11 19:55:12',15,1094.00,'2026-05-11 12:55:12.433372',1),(239,NULL,NULL,NULL,'2026-05-11 19:55:12',10,1096.00,'2026-05-11 12:55:12.474364',1),(240,NULL,NULL,NULL,'2026-05-11 19:55:12',14,1098.00,'2026-05-11 12:55:12.494365',1),(241,NULL,NULL,NULL,'2026-05-11 19:55:12',15,1099.00,'2026-05-11 12:55:12.508404',1),(242,NULL,NULL,NULL,'2026-05-11 19:59:22',14,1008.00,'2026-05-11 12:59:22.313661',1),(243,NULL,NULL,NULL,'2026-05-11 19:59:22',10,1011.00,'2026-05-11 12:59:22.350872',1),(244,NULL,NULL,NULL,'2026-05-11 19:59:22',10,1016.00,'2026-05-11 12:59:22.421877',1),(245,NULL,NULL,NULL,'2026-05-11 19:59:22',10,1021.00,'2026-05-11 12:59:22.445872',1),(246,NULL,NULL,NULL,'2026-05-11 19:59:22',15,1024.00,'2026-05-11 12:59:22.462872',1),(247,NULL,NULL,NULL,'2026-05-11 19:59:22',10,1026.00,'2026-05-11 12:59:22.486871',1),(248,NULL,NULL,NULL,'2026-05-11 19:59:22',14,1028.00,'2026-05-11 12:59:22.510871',1),(249,NULL,NULL,NULL,'2026-05-11 19:59:22',15,1029.00,'2026-05-11 12:59:22.524871',1),(250,NULL,NULL,NULL,'2026-05-11 19:59:22',10,1031.00,'2026-05-11 12:59:22.541978',1),(251,NULL,NULL,NULL,'2026-05-11 19:59:22',12,1032.00,'2026-05-11 12:59:22.558991',1),(252,NULL,NULL,NULL,'2026-05-11 19:59:22',14,1033.00,'2026-05-11 12:59:22.573042',1),(253,NULL,NULL,NULL,'2026-05-11 19:59:22',15,1034.00,'2026-05-11 12:59:22.586560',1),(254,NULL,NULL,NULL,'2026-05-11 19:59:22',12,1037.00,'2026-05-11 12:59:22.606526',1),(255,NULL,NULL,NULL,'2026-05-11 19:59:22',14,1038.00,'2026-05-11 12:59:22.628529',1),(256,NULL,NULL,NULL,'2026-05-11 19:59:22',15,1039.00,'2026-05-11 12:59:22.643525',1),(257,NULL,NULL,NULL,'2026-05-11 19:59:22',14,1043.00,'2026-05-11 12:59:22.672581',1),(258,NULL,NULL,NULL,'2026-05-11 19:59:22',15,1044.00,'2026-05-11 12:59:22.692971',1),(259,NULL,NULL,NULL,'2026-05-11 19:59:22',12,1047.00,'2026-05-11 12:59:22.723594',1),(260,NULL,NULL,NULL,'2026-05-11 19:59:22',14,1048.00,'2026-05-11 12:59:22.738912',1),(261,NULL,NULL,NULL,'2026-05-11 19:59:22',10,1051.00,'2026-05-11 12:59:22.753793',1),(262,NULL,NULL,NULL,'2026-05-11 19:59:22',14,1053.00,'2026-05-11 12:59:22.769546',1),(263,NULL,NULL,NULL,'2026-05-11 19:59:22',15,1054.00,'2026-05-11 12:59:22.783449',1),(264,NULL,NULL,NULL,'2026-05-11 19:59:22',12,1057.00,'2026-05-11 12:59:22.814840',1),(265,NULL,NULL,NULL,'2026-05-11 19:59:22',15,1059.00,'2026-05-11 12:59:22.830957',1),(266,NULL,NULL,NULL,'2026-05-11 19:59:22',12,1062.00,'2026-05-11 12:59:22.845957',1),(267,NULL,NULL,NULL,'2026-05-11 19:59:22',14,1063.00,'2026-05-11 12:59:22.867956',1),(268,NULL,NULL,NULL,'2026-05-11 19:59:22',15,1064.00,'2026-05-11 12:59:22.882956',1),(269,NULL,NULL,NULL,'2026-05-11 19:59:22',14,1068.00,'2026-05-11 12:59:22.896958',1),(270,NULL,NULL,NULL,'2026-05-11 19:59:22',14,1073.00,'2026-05-11 12:59:22.920966',1),(271,NULL,NULL,NULL,'2026-05-11 19:59:22',15,1074.00,'2026-05-11 12:59:22.950561',1),(272,NULL,NULL,NULL,'2026-05-11 19:59:22',15,1079.00,'2026-05-11 12:59:22.963876',1),(273,NULL,NULL,NULL,'2026-05-11 19:59:22',14,1083.00,'2026-05-11 12:59:22.982101',1),(274,NULL,NULL,NULL,'2026-05-11 19:59:23',15,1084.00,'2026-05-11 12:59:23.002643',1),(275,NULL,NULL,NULL,'2026-05-11 19:59:23',10,1086.00,'2026-05-11 12:59:23.030723',1),(276,NULL,NULL,NULL,'2026-05-11 19:59:23',12,1087.00,'2026-05-11 12:59:23.043729',1),(277,NULL,NULL,NULL,'2026-05-11 19:59:23',14,1088.00,'2026-05-11 12:59:23.061726',1),(278,NULL,NULL,NULL,'2026-05-11 19:59:23',15,1089.00,'2026-05-11 12:59:23.078726',1),(279,NULL,NULL,NULL,'2026-05-11 19:59:23',10,1091.00,'2026-05-11 12:59:23.113724',1),(280,NULL,NULL,NULL,'2026-05-11 19:59:23',12,1092.00,'2026-05-11 12:59:23.128722',1),(281,NULL,NULL,NULL,'2026-05-11 19:59:23',15,1094.00,'2026-05-11 12:59:23.142723',1),(282,NULL,NULL,NULL,'2026-05-11 19:59:23',10,1096.00,'2026-05-11 12:59:23.174724',1),(283,NULL,NULL,NULL,'2026-05-11 19:59:23',12,1097.00,'2026-05-11 12:59:23.189723',1),(284,NULL,NULL,NULL,'2026-05-11 19:59:23',14,1098.00,'2026-05-11 12:59:23.204723',1),(285,NULL,NULL,NULL,'2026-05-11 19:59:23',15,1099.00,'2026-05-11 12:59:23.220735',1),(286,NULL,NULL,NULL,'2026-05-11 20:00:57',10,1001.00,'2026-05-11 13:00:57.717396',1),(287,NULL,NULL,NULL,'2026-05-11 20:00:57',12,1007.00,'2026-05-11 13:00:57.750393',1),(288,NULL,NULL,NULL,'2026-05-11 20:00:57',15,1014.00,'2026-05-11 13:00:57.794393',1),(289,NULL,NULL,NULL,'2026-05-11 20:00:57',10,1021.00,'2026-05-11 13:00:57.816392',1),(290,NULL,NULL,NULL,'2026-05-11 20:00:57',14,1023.00,'2026-05-11 13:00:57.845394',1),(291,NULL,NULL,NULL,'2026-05-11 20:00:57',10,1026.00,'2026-05-11 13:00:57.897392',1),(292,NULL,NULL,NULL,'2026-05-11 20:00:57',15,1029.00,'2026-05-11 13:00:57.919394',1),(293,NULL,NULL,NULL,'2026-05-11 20:00:57',12,1032.00,'2026-05-11 13:00:57.933593',1),(294,NULL,NULL,NULL,'2026-05-11 20:00:57',10,1036.00,'2026-05-11 13:00:57.956619',1),(295,NULL,NULL,NULL,'2026-05-11 20:00:57',14,1038.00,'2026-05-11 13:00:57.975641',1),(296,NULL,NULL,NULL,'2026-05-11 20:00:57',15,1039.00,'2026-05-11 13:00:57.992529',1),(297,NULL,NULL,NULL,'2026-05-11 20:00:58',12,1042.00,'2026-05-11 13:00:58.021705',1),(298,NULL,NULL,NULL,'2026-05-11 20:00:58',14,1043.00,'2026-05-11 13:00:58.041703',1),(299,NULL,NULL,NULL,'2026-05-11 20:00:58',15,1044.00,'2026-05-11 13:00:58.057756',1),(300,NULL,NULL,NULL,'2026-05-11 20:00:58',12,1047.00,'2026-05-11 13:00:58.084973',1),(301,NULL,NULL,NULL,'2026-05-11 20:00:58',14,1048.00,'2026-05-11 13:00:58.107253',1),(302,NULL,NULL,NULL,'2026-05-11 20:00:58',15,1049.00,'2026-05-11 13:00:58.123253',1),(303,NULL,NULL,NULL,'2026-05-11 20:00:58',10,1051.00,'2026-05-11 13:00:58.150832',1),(304,NULL,NULL,NULL,'2026-05-11 20:00:58',12,1052.00,'2026-05-11 13:00:58.165933',1),(305,NULL,NULL,NULL,'2026-05-11 20:00:58',14,1053.00,'2026-05-11 13:00:58.179918',1),(306,NULL,NULL,NULL,'2026-05-11 20:00:58',15,1054.00,'2026-05-11 13:00:58.194133',1),(307,NULL,NULL,NULL,'2026-05-11 20:00:58',10,1056.00,'2026-05-11 13:00:58.208198',1),(308,NULL,NULL,NULL,'2026-05-11 20:00:58',14,1058.00,'2026-05-11 13:00:58.222299',1),(309,NULL,NULL,NULL,'2026-05-11 20:00:58',15,1059.00,'2026-05-11 13:00:58.235431',1),(310,NULL,NULL,NULL,'2026-05-11 20:00:58',10,1061.00,'2026-05-11 13:00:58.291884',1),(311,NULL,NULL,NULL,'2026-05-11 20:00:58',12,1062.00,'2026-05-11 13:00:58.311220',1),(312,NULL,NULL,NULL,'2026-05-11 20:00:58',14,1063.00,'2026-05-11 13:00:58.334450',1),(313,NULL,NULL,NULL,'2026-05-11 20:00:58',15,1064.00,'2026-05-11 13:00:58.360388',1),(314,NULL,NULL,NULL,'2026-05-11 20:00:58',14,1068.00,'2026-05-11 13:00:58.406230',1),(315,NULL,NULL,NULL,'2026-05-11 20:00:58',12,1072.00,'2026-05-11 13:00:58.450786',1),(316,NULL,NULL,NULL,'2026-05-11 20:00:58',14,1073.00,'2026-05-11 13:00:58.464785',1),(317,NULL,NULL,NULL,'2026-05-11 20:00:58',15,1074.00,'2026-05-11 13:00:58.480806',1),(318,NULL,NULL,NULL,'2026-05-11 20:00:58',14,1078.00,'2026-05-11 13:00:58.513822',1),(319,NULL,NULL,NULL,'2026-05-11 20:00:58',10,1081.00,'2026-05-11 13:00:58.531822',1),(320,NULL,NULL,NULL,'2026-05-11 20:00:58',14,1083.00,'2026-05-11 13:00:58.552824',1),(321,NULL,NULL,NULL,'2026-05-11 20:00:58',15,1084.00,'2026-05-11 13:00:58.573823',1),(322,NULL,NULL,NULL,'2026-05-11 20:00:58',12,1087.00,'2026-05-11 13:00:58.592823',1),(323,NULL,NULL,NULL,'2026-05-11 20:00:58',15,1089.00,'2026-05-11 13:00:58.613975',1),(324,NULL,NULL,NULL,'2026-05-11 20:00:58',10,1091.00,'2026-05-11 13:00:58.642852',1),(325,NULL,NULL,NULL,'2026-05-11 20:00:58',15,1094.00,'2026-05-11 13:00:58.657852',1),(326,NULL,NULL,NULL,'2026-05-11 20:00:58',10,1096.00,'2026-05-11 13:00:58.688852',1),(327,NULL,NULL,NULL,'2026-05-11 20:00:58',12,1097.00,'2026-05-11 13:00:58.703852',1),(328,NULL,NULL,NULL,'2026-05-11 20:00:58',14,1098.00,'2026-05-11 13:00:58.717861',1),(329,NULL,NULL,NULL,'2026-05-11 20:00:58',15,1099.00,'2026-05-11 13:00:58.735853',1),(330,NULL,NULL,NULL,'2026-05-11 20:03:52',15,1004.00,'2026-05-11 13:03:52.396429',1),(331,NULL,NULL,NULL,'2026-05-11 20:03:52',10,1011.00,'2026-05-11 13:03:52.465431',1),(332,NULL,NULL,NULL,'2026-05-11 20:03:52',15,1019.00,'2026-05-11 13:03:52.505430',1),(333,NULL,NULL,NULL,'2026-05-11 20:03:52',10,1026.00,'2026-05-11 13:03:52.547493',1),(334,NULL,NULL,NULL,'2026-05-11 20:03:52',12,1027.00,'2026-05-11 13:03:52.568271',1),(335,NULL,NULL,NULL,'2026-05-11 20:03:52',14,1028.00,'2026-05-11 13:03:52.586270',1),(336,NULL,NULL,NULL,'2026-05-11 20:03:52',15,1029.00,'2026-05-11 13:03:52.601190',1),(337,NULL,NULL,NULL,'2026-05-11 20:03:52',10,1031.00,'2026-05-11 13:03:52.629843',1),(338,NULL,NULL,NULL,'2026-05-11 20:03:52',12,1032.00,'2026-05-11 13:03:52.645629',1),(339,NULL,NULL,NULL,'2026-05-11 20:03:52',14,1033.00,'2026-05-11 13:03:52.661629',1),(340,NULL,NULL,NULL,'2026-05-11 20:03:52',15,1034.00,'2026-05-11 13:03:52.676730',1),(341,NULL,NULL,NULL,'2026-05-11 20:03:52',10,1036.00,'2026-05-11 13:03:52.701729',1),(342,NULL,NULL,NULL,'2026-05-11 20:03:52',12,1037.00,'2026-05-11 13:03:52.716730',1),(343,NULL,NULL,NULL,'2026-05-11 20:03:52',14,1038.00,'2026-05-11 13:03:52.734485',1),(344,NULL,NULL,NULL,'2026-05-11 20:03:52',15,1039.00,'2026-05-11 13:03:52.749566',1),(345,NULL,NULL,NULL,'2026-05-11 20:03:52',12,1042.00,'2026-05-11 13:03:52.778567',1),(346,NULL,NULL,NULL,'2026-05-11 20:03:52',14,1043.00,'2026-05-11 13:03:52.804571',1),(347,NULL,NULL,NULL,'2026-05-11 20:03:52',15,1044.00,'2026-05-11 13:03:52.831872',1),(348,NULL,NULL,NULL,'2026-05-11 20:03:52',10,1046.00,'2026-05-11 13:03:52.886667',1),(349,NULL,NULL,NULL,'2026-05-11 20:03:52',12,1047.00,'2026-05-11 13:03:52.911156',1),(350,NULL,NULL,NULL,'2026-05-11 20:03:52',14,1048.00,'2026-05-11 13:03:52.925155',1),(351,NULL,NULL,NULL,'2026-05-11 20:03:52',10,1051.00,'2026-05-11 13:03:52.972153',1),(352,NULL,NULL,NULL,'2026-05-11 20:03:52',12,1052.00,'2026-05-11 13:03:52.986156',1),(353,NULL,NULL,NULL,'2026-05-11 20:03:53',15,1054.00,'2026-05-11 13:03:53.002155',1),(354,NULL,NULL,NULL,'2026-05-11 20:03:53',10,1056.00,'2026-05-11 13:03:53.018153',1),(355,NULL,NULL,NULL,'2026-05-11 20:03:53',15,1059.00,'2026-05-11 13:03:53.041153',1),(356,NULL,NULL,NULL,'2026-05-11 20:03:53',10,1061.00,'2026-05-11 13:03:53.083154',1),(357,NULL,NULL,NULL,'2026-05-11 20:03:53',12,1062.00,'2026-05-11 13:03:53.099180',1),(358,NULL,NULL,NULL,'2026-05-11 20:03:53',14,1063.00,'2026-05-11 13:03:53.117154',1),(359,NULL,NULL,NULL,'2026-05-11 20:03:53',10,1066.00,'2026-05-11 13:03:53.150153',1),(360,NULL,NULL,NULL,'2026-05-11 20:03:53',12,1067.00,'2026-05-11 13:03:53.167154',1),(361,NULL,NULL,NULL,'2026-05-11 20:03:53',14,1068.00,'2026-05-11 13:03:53.183152',1),(362,NULL,NULL,NULL,'2026-05-11 20:03:53',10,1071.00,'2026-05-11 13:03:53.199153',1),(363,NULL,NULL,NULL,'2026-05-11 20:03:53',12,1072.00,'2026-05-11 13:03:53.219154',1),(364,NULL,NULL,NULL,'2026-05-11 20:03:53',15,1074.00,'2026-05-11 13:03:53.233154',1),(365,NULL,NULL,NULL,'2026-05-11 20:03:53',14,1078.00,'2026-05-11 13:03:53.264156',1),(366,NULL,NULL,NULL,'2026-05-11 20:03:53',10,1081.00,'2026-05-11 13:03:53.306156',1),(367,NULL,NULL,NULL,'2026-05-11 20:03:53',12,1082.00,'2026-05-11 13:03:53.327154',1),(368,NULL,NULL,NULL,'2026-05-11 20:03:53',14,1083.00,'2026-05-11 13:03:53.346154',1),(369,NULL,NULL,NULL,'2026-05-11 20:03:53',15,1084.00,'2026-05-11 13:03:53.366154',1),(370,NULL,NULL,NULL,'2026-05-11 20:03:53',10,1086.00,'2026-05-11 13:03:53.395088',1),(371,NULL,NULL,NULL,'2026-05-11 20:03:53',12,1087.00,'2026-05-11 13:03:53.410160',1),(372,NULL,NULL,NULL,'2026-05-11 20:03:53',14,1088.00,'2026-05-11 13:03:53.427161',1),(373,NULL,NULL,NULL,'2026-05-11 20:03:53',15,1089.00,'2026-05-11 13:03:53.441164',1),(374,NULL,NULL,NULL,'2026-05-11 20:03:53',10,1091.00,'2026-05-11 13:03:53.454161',1),(375,NULL,NULL,NULL,'2026-05-11 20:03:53',14,1093.00,'2026-05-11 13:03:53.472160',1),(376,NULL,NULL,NULL,'2026-05-11 20:03:53',15,1094.00,'2026-05-11 13:03:53.491161',1),(377,NULL,NULL,NULL,'2026-05-11 20:03:53',10,1096.00,'2026-05-11 13:03:53.528163',1),(378,NULL,NULL,NULL,'2026-05-11 20:03:53',12,1097.00,'2026-05-11 13:03:53.545162',1),(379,NULL,NULL,NULL,'2026-05-11 20:03:53',14,1098.00,'2026-05-11 13:03:53.563164',1),(380,NULL,NULL,NULL,'2026-05-11 20:03:53',15,1099.00,'2026-05-11 13:03:53.580161',1),(381,NULL,NULL,NULL,'2026-05-11 20:05:23',14,1008.00,'2026-05-11 13:05:23.593681',1),(382,NULL,NULL,NULL,'2026-05-11 20:05:23',15,1009.00,'2026-05-11 13:05:23.638683',1),(383,NULL,NULL,NULL,'2026-05-11 20:05:23',12,1022.00,'2026-05-11 13:05:23.709683',1),(384,NULL,NULL,NULL,'2026-05-11 20:05:23',15,1024.00,'2026-05-11 13:05:23.725682',1),(385,NULL,NULL,NULL,'2026-05-11 20:05:23',10,1026.00,'2026-05-11 13:05:23.772749',1),(386,NULL,NULL,NULL,'2026-05-11 20:05:23',14,1028.00,'2026-05-11 13:05:23.789366',1),(387,NULL,NULL,NULL,'2026-05-11 20:05:23',15,1029.00,'2026-05-11 13:05:23.809365',1),(388,NULL,NULL,NULL,'2026-05-11 20:05:23',10,1031.00,'2026-05-11 13:05:23.847364',1),(389,NULL,NULL,NULL,'2026-05-11 20:05:23',12,1032.00,'2026-05-11 13:05:23.868453',1),(390,NULL,NULL,NULL,'2026-05-11 20:05:23',15,1034.00,'2026-05-11 13:05:23.887365',1),(391,NULL,NULL,NULL,'2026-05-11 20:05:23',14,1038.00,'2026-05-11 13:05:23.926911',1),(392,NULL,NULL,NULL,'2026-05-11 20:05:23',15,1039.00,'2026-05-11 13:05:23.949496',1),(393,NULL,NULL,NULL,'2026-05-11 20:05:23',12,1042.00,'2026-05-11 13:05:23.978636',1),(394,NULL,NULL,NULL,'2026-05-11 20:05:23',14,1043.00,'2026-05-11 13:05:23.995855',1),(395,NULL,NULL,NULL,'2026-05-11 20:05:24',12,1047.00,'2026-05-11 13:05:24.010857',1),(396,NULL,NULL,NULL,'2026-05-11 20:05:24',12,1052.00,'2026-05-11 13:05:24.034857',1),(397,NULL,NULL,NULL,'2026-05-11 20:05:24',15,1054.00,'2026-05-11 13:05:24.067856',1),(398,NULL,NULL,NULL,'2026-05-11 20:05:24',14,1058.00,'2026-05-11 13:05:24.105856',1),(399,NULL,NULL,NULL,'2026-05-11 20:05:24',10,1061.00,'2026-05-11 13:05:24.137317',1),(400,NULL,NULL,NULL,'2026-05-11 20:05:24',15,1064.00,'2026-05-11 13:05:24.157316',1),(401,NULL,NULL,NULL,'2026-05-11 20:05:24',10,1066.00,'2026-05-11 13:05:24.188316',1),(402,NULL,NULL,NULL,'2026-05-11 20:05:24',12,1067.00,'2026-05-11 13:05:24.203364',1),(403,NULL,NULL,NULL,'2026-05-11 20:05:24',14,1068.00,'2026-05-11 13:05:24.221318',1),(404,NULL,NULL,NULL,'2026-05-11 20:05:24',10,1071.00,'2026-05-11 13:05:24.257316',1),(405,NULL,NULL,NULL,'2026-05-11 20:05:24',14,1073.00,'2026-05-11 13:05:24.270316',1),(406,NULL,NULL,NULL,'2026-05-11 20:05:24',10,1076.00,'2026-05-11 13:05:24.286320',1),(407,NULL,NULL,NULL,'2026-05-11 20:05:24',12,1077.00,'2026-05-11 13:05:24.307079',1),(408,NULL,NULL,NULL,'2026-05-11 20:05:24',15,1079.00,'2026-05-11 13:05:24.323038',1),(409,NULL,NULL,NULL,'2026-05-11 20:05:24',10,1081.00,'2026-05-11 13:05:24.357039',1),(410,NULL,NULL,NULL,'2026-05-11 20:05:24',12,1082.00,'2026-05-11 13:05:24.373042',1),(411,NULL,NULL,NULL,'2026-05-11 20:05:24',14,1083.00,'2026-05-11 13:05:24.390038',1),(412,NULL,NULL,NULL,'2026-05-11 20:05:24',10,1086.00,'2026-05-11 13:05:24.409039',1),(413,NULL,NULL,NULL,'2026-05-11 20:05:24',14,1088.00,'2026-05-11 13:05:24.428045',1),(414,NULL,NULL,NULL,'2026-05-11 20:05:24',15,1089.00,'2026-05-11 13:05:24.448053',1),(415,NULL,NULL,NULL,'2026-05-11 20:05:24',12,1092.00,'2026-05-11 13:05:24.473039',1),(416,NULL,NULL,NULL,'2026-05-11 20:05:24',14,1093.00,'2026-05-11 13:05:24.490038',1),(417,NULL,NULL,NULL,'2026-05-11 20:05:24',12,1097.00,'2026-05-11 13:05:24.508039',1),(418,NULL,NULL,NULL,'2026-05-11 20:05:24',14,1098.00,'2026-05-11 13:05:24.530039',1),(419,NULL,NULL,NULL,'2026-05-11 20:06:09',10,1006.00,'2026-05-11 13:06:09.086939',1),(420,NULL,NULL,NULL,'2026-05-11 20:06:09',14,1013.00,'2026-05-11 13:06:09.159939',1),(421,NULL,NULL,NULL,'2026-05-11 20:06:09',10,1016.00,'2026-05-11 13:06:09.211941',1),(422,NULL,NULL,NULL,'2026-05-11 20:06:09',14,1018.00,'2026-05-11 13:06:09.232940',1),(423,NULL,NULL,NULL,'2026-05-11 20:06:09',15,1019.00,'2026-05-11 13:06:09.251939',1),(424,NULL,NULL,NULL,'2026-05-11 20:06:09',10,1021.00,'2026-05-11 13:06:09.290941',1),(425,NULL,NULL,NULL,'2026-05-11 20:06:09',12,1022.00,'2026-05-11 13:06:09.305019',1),(426,NULL,NULL,NULL,'2026-05-11 20:06:09',14,1023.00,'2026-05-11 13:06:09.319940',1),(427,NULL,NULL,NULL,'2026-05-11 20:06:09',15,1024.00,'2026-05-11 13:06:09.336942',1),(428,NULL,NULL,NULL,'2026-05-11 20:06:09',14,1028.00,'2026-05-11 13:06:09.368939',1),(429,NULL,NULL,NULL,'2026-05-11 20:06:09',15,1029.00,'2026-05-11 13:06:09.393939',1),(430,NULL,NULL,NULL,'2026-05-11 20:06:09',12,1032.00,'2026-05-11 13:06:09.424940',1),(431,NULL,NULL,NULL,'2026-05-11 20:06:09',15,1034.00,'2026-05-11 13:06:09.444939',1),(432,NULL,NULL,NULL,'2026-05-11 20:06:09',10,1036.00,'2026-05-11 13:06:09.476248',1),(433,NULL,NULL,NULL,'2026-05-11 20:06:09',14,1038.00,'2026-05-11 13:06:09.491373',1),(434,NULL,NULL,NULL,'2026-05-11 20:06:09',15,1039.00,'2026-05-11 13:06:09.506540',1),(435,NULL,NULL,NULL,'2026-05-11 20:06:09',12,1042.00,'2026-05-11 13:06:09.525539',1),(436,NULL,NULL,NULL,'2026-05-11 20:06:09',14,1043.00,'2026-05-11 13:06:09.552572',1),(437,NULL,NULL,NULL,'2026-05-11 20:06:09',10,1046.00,'2026-05-11 13:06:09.571565',1),(438,NULL,NULL,NULL,'2026-05-11 20:06:09',14,1048.00,'2026-05-11 13:06:09.591566',1),(439,NULL,NULL,NULL,'2026-05-11 20:06:09',10,1051.00,'2026-05-11 13:06:09.635567',1),(440,NULL,NULL,NULL,'2026-05-11 20:06:09',14,1053.00,'2026-05-11 13:06:09.656563',1),(441,NULL,NULL,NULL,'2026-05-11 20:06:09',10,1056.00,'2026-05-11 13:06:09.678568',1),(442,NULL,NULL,NULL,'2026-05-11 20:06:09',14,1058.00,'2026-05-11 13:06:09.701866',1),(443,NULL,NULL,NULL,'2026-05-11 20:06:09',15,1059.00,'2026-05-11 13:06:09.718835',1),(444,NULL,NULL,NULL,'2026-05-11 20:06:09',10,1061.00,'2026-05-11 13:06:09.750453',1),(445,NULL,NULL,NULL,'2026-05-11 20:06:09',12,1062.00,'2026-05-11 13:06:09.766284',1),(446,NULL,NULL,NULL,'2026-05-11 20:06:09',14,1063.00,'2026-05-11 13:06:09.783163',1),(447,NULL,NULL,NULL,'2026-05-11 20:06:09',15,1064.00,'2026-05-11 13:06:09.798116',1),(448,NULL,NULL,NULL,'2026-05-11 20:06:09',10,1066.00,'2026-05-11 13:06:09.826116',1),(449,NULL,NULL,NULL,'2026-05-11 20:06:09',12,1067.00,'2026-05-11 13:06:09.841116',1),(450,NULL,NULL,NULL,'2026-05-11 20:06:09',14,1068.00,'2026-05-11 13:06:09.858119',1),(451,NULL,NULL,NULL,'2026-05-11 20:06:09',15,1069.00,'2026-05-11 13:06:09.872336',1),(452,NULL,NULL,NULL,'2026-05-11 20:06:09',10,1071.00,'2026-05-11 13:06:09.923380',1),(453,NULL,NULL,NULL,'2026-05-11 20:06:09',12,1072.00,'2026-05-11 13:06:09.949811',1),(454,NULL,NULL,NULL,'2026-05-11 20:06:09',14,1073.00,'2026-05-11 13:06:09.975973',1),(455,NULL,NULL,NULL,'2026-05-11 20:06:09',15,1074.00,'2026-05-11 13:06:09.995016',1),(456,NULL,NULL,NULL,'2026-05-11 20:06:10',10,1076.00,'2026-05-11 13:06:10.045972',1),(457,NULL,NULL,NULL,'2026-05-11 20:06:10',12,1077.00,'2026-05-11 13:06:10.079971',1),(458,NULL,NULL,NULL,'2026-05-11 20:06:10',14,1078.00,'2026-05-11 13:06:10.112974',1),(459,NULL,NULL,NULL,'2026-05-11 20:06:10',15,1079.00,'2026-05-11 13:06:10.132974',1),(460,NULL,NULL,NULL,'2026-05-11 20:06:10',12,1082.00,'2026-05-11 13:06:10.172971',1),(461,NULL,NULL,NULL,'2026-05-11 20:06:10',14,1083.00,'2026-05-11 13:06:10.195973',1),(462,NULL,NULL,NULL,'2026-05-11 20:06:10',10,1086.00,'2026-05-11 13:06:10.233974',1),(463,NULL,NULL,NULL,'2026-05-11 20:06:10',12,1087.00,'2026-05-11 13:06:10.250972',1),(464,NULL,NULL,NULL,'2026-05-11 20:06:10',14,1088.00,'2026-05-11 13:06:10.267266',1),(465,NULL,NULL,NULL,'2026-05-11 20:06:10',15,1089.00,'2026-05-11 13:06:10.288108',1),(466,NULL,NULL,NULL,'2026-05-11 20:06:10',10,1091.00,'2026-05-11 13:06:10.303149',1),(467,NULL,NULL,NULL,'2026-05-11 20:06:10',12,1092.00,'2026-05-11 13:06:10.317088',1),(468,NULL,NULL,NULL,'2026-05-11 20:06:10',14,1093.00,'2026-05-11 13:06:10.330247',1),(469,NULL,NULL,NULL,'2026-05-11 20:06:10',15,1094.00,'2026-05-11 13:06:10.347549',1),(470,NULL,NULL,NULL,'2026-05-11 20:06:10',10,1096.00,'2026-05-11 13:06:10.386549',1),(471,NULL,NULL,NULL,'2026-05-11 20:06:10',15,1099.00,'2026-05-11 13:06:10.404553',1),(472,NULL,NULL,NULL,'2026-05-11 20:09:43',10,1001.00,'2026-05-11 13:09:42.995093',1),(473,NULL,NULL,NULL,'2026-05-11 20:09:43',15,1009.00,'2026-05-11 13:09:43.033092',1),(474,NULL,NULL,NULL,'2026-05-11 20:09:43',10,1021.00,'2026-05-11 13:09:43.087094',1),(475,NULL,NULL,NULL,'2026-05-11 20:09:43',14,1023.00,'2026-05-11 13:09:43.106758',1),(476,NULL,NULL,NULL,'2026-05-11 20:09:43',15,1024.00,'2026-05-11 13:09:43.122853',1),(477,NULL,NULL,NULL,'2026-05-11 20:09:43',14,1028.00,'2026-05-11 13:09:43.169333',1),(478,NULL,NULL,NULL,'2026-05-11 20:09:43',15,1029.00,'2026-05-11 13:09:43.191505',1),(479,NULL,NULL,NULL,'2026-05-11 20:09:43',10,1031.00,'2026-05-11 13:09:43.223900',1),(480,NULL,NULL,NULL,'2026-05-11 20:09:43',12,1032.00,'2026-05-11 13:09:43.239871',1),(481,NULL,NULL,NULL,'2026-05-11 20:09:43',14,1033.00,'2026-05-11 13:09:43.252871',1),(482,NULL,NULL,NULL,'2026-05-11 20:09:43',15,1034.00,'2026-05-11 13:09:43.267872',1),(483,NULL,NULL,NULL,'2026-05-11 20:09:43',10,1036.00,'2026-05-11 13:09:43.301873',1),(484,NULL,NULL,NULL,'2026-05-11 20:09:43',14,1038.00,'2026-05-11 13:09:43.315872',1),(485,NULL,NULL,NULL,'2026-05-11 20:09:43',15,1039.00,'2026-05-11 13:09:43.330875',1),(486,NULL,NULL,NULL,'2026-05-11 20:09:43',10,1041.00,'2026-05-11 13:09:43.366872',1),(487,NULL,NULL,NULL,'2026-05-11 20:09:43',14,1043.00,'2026-05-11 13:09:43.382550',1),(488,NULL,NULL,NULL,'2026-05-11 20:09:43',15,1044.00,'2026-05-11 13:09:43.398053',1),(489,NULL,NULL,NULL,'2026-05-11 20:09:43',12,1047.00,'2026-05-11 13:09:43.431070',1),(490,NULL,NULL,NULL,'2026-05-11 20:09:43',14,1048.00,'2026-05-11 13:09:43.448021',1),(491,NULL,NULL,NULL,'2026-05-11 20:09:43',15,1049.00,'2026-05-11 13:09:43.464336',1),(492,NULL,NULL,NULL,'2026-05-11 20:09:43',12,1052.00,'2026-05-11 13:09:43.500406',1),(493,NULL,NULL,NULL,'2026-05-11 20:09:43',14,1053.00,'2026-05-11 13:09:43.522407',1),(494,NULL,NULL,NULL,'2026-05-11 20:09:43',15,1054.00,'2026-05-11 13:09:43.538701',1),(495,NULL,NULL,NULL,'2026-05-11 20:09:43',10,1056.00,'2026-05-11 13:09:43.551701',1),(496,NULL,NULL,NULL,'2026-05-11 20:09:43',14,1058.00,'2026-05-11 13:09:43.570701',1),(497,NULL,NULL,NULL,'2026-05-11 20:09:43',14,1063.00,'2026-05-11 13:09:43.606245',1),(498,NULL,NULL,NULL,'2026-05-11 20:09:43',15,1064.00,'2026-05-11 13:09:43.628779',1),(499,NULL,NULL,NULL,'2026-05-11 20:09:43',10,1066.00,'2026-05-11 13:09:43.661779',1),(500,NULL,NULL,NULL,'2026-05-11 20:09:43',12,1067.00,'2026-05-11 13:09:43.686366',1),(501,NULL,NULL,NULL,'2026-05-11 20:09:43',14,1068.00,'2026-05-11 13:09:43.708361',1),(502,NULL,NULL,NULL,'2026-05-11 20:09:43',15,1069.00,'2026-05-11 13:09:43.732366',1),(503,NULL,NULL,NULL,'2026-05-11 20:09:43',14,1073.00,'2026-05-11 13:09:43.782531',1),(504,NULL,NULL,NULL,'2026-05-11 20:09:43',15,1074.00,'2026-05-11 13:09:43.812411',1),(505,NULL,NULL,NULL,'2026-05-11 20:09:43',10,1076.00,'2026-05-11 13:09:43.838411',1),(506,NULL,NULL,NULL,'2026-05-11 20:09:43',12,1077.00,'2026-05-11 13:09:43.862503',1),(507,NULL,NULL,NULL,'2026-05-11 20:09:43',14,1078.00,'2026-05-11 13:09:43.885408',1),(508,NULL,NULL,NULL,'2026-05-11 20:09:43',15,1079.00,'2026-05-11 13:09:43.906409',1),(509,NULL,NULL,NULL,'2026-05-11 20:09:43',10,1081.00,'2026-05-11 13:09:43.925487',1),(510,NULL,NULL,NULL,'2026-05-11 20:09:43',12,1082.00,'2026-05-11 13:09:43.938408',1),(511,NULL,NULL,NULL,'2026-05-11 20:09:43',10,1086.00,'2026-05-11 13:09:43.978313',1),(512,NULL,NULL,NULL,'2026-05-11 20:09:43',12,1087.00,'2026-05-11 13:09:43.994923',1),(513,NULL,NULL,NULL,'2026-05-11 20:09:44',14,1088.00,'2026-05-11 13:09:44.007776',1),(514,NULL,NULL,NULL,'2026-05-11 20:09:44',15,1089.00,'2026-05-11 13:09:44.021774',1),(515,NULL,NULL,NULL,'2026-05-11 20:09:44',14,1093.00,'2026-05-11 13:09:44.054775',1),(516,NULL,NULL,NULL,'2026-05-11 20:09:44',15,1099.00,'2026-05-11 13:09:44.073774',1),(517,NULL,NULL,NULL,'2026-05-11 20:15:10',10,1001.00,'2026-05-11 13:15:10.811322',1),(518,NULL,NULL,NULL,'2026-05-11 20:15:10',12,1002.00,'2026-05-11 13:15:10.852325',1),(519,NULL,NULL,NULL,'2026-05-11 20:15:10',10,1006.00,'2026-05-11 13:15:10.870324',1),(520,NULL,NULL,NULL,'2026-05-11 20:15:10',15,1009.00,'2026-05-11 13:15:10.890322',1),(521,NULL,NULL,NULL,'2026-05-11 20:15:10',10,1011.00,'2026-05-11 13:15:10.935322',1),(522,NULL,NULL,NULL,'2026-05-11 20:15:10',12,1022.00,'2026-05-11 13:15:10.952324',1),(523,NULL,NULL,NULL,'2026-05-11 20:15:11',15,1029.00,'2026-05-11 13:15:11.006322',1),(524,NULL,NULL,NULL,'2026-05-11 20:15:11',12,1032.00,'2026-05-11 13:15:11.065323',1),(525,NULL,NULL,NULL,'2026-05-11 20:15:11',14,1033.00,'2026-05-11 13:15:11.090322',1),(526,NULL,NULL,NULL,'2026-05-11 20:15:11',15,1034.00,'2026-05-11 13:15:11.111323',1),(527,NULL,NULL,NULL,'2026-05-11 20:15:11',10,1036.00,'2026-05-11 13:15:11.127324',1),(528,NULL,NULL,NULL,'2026-05-11 20:15:11',12,1037.00,'2026-05-11 13:15:11.145323',1),(529,NULL,NULL,NULL,'2026-05-11 20:15:11',10,1041.00,'2026-05-11 13:15:11.177615',1),(530,NULL,NULL,NULL,'2026-05-11 20:15:11',12,1042.00,'2026-05-11 13:15:11.194614',1),(531,NULL,NULL,NULL,'2026-05-11 20:15:11',10,1046.00,'2026-05-11 13:15:11.229615',1),(532,NULL,NULL,NULL,'2026-05-11 20:15:11',12,1047.00,'2026-05-11 13:15:11.242612',1),(533,NULL,NULL,NULL,'2026-05-11 20:15:11',15,1049.00,'2026-05-11 13:15:11.258612',1),(534,NULL,NULL,NULL,'2026-05-11 20:15:11',10,1051.00,'2026-05-11 13:15:11.292612',1),(535,NULL,NULL,NULL,'2026-05-11 20:15:11',12,1052.00,'2026-05-11 13:15:11.312695',1),(536,NULL,NULL,NULL,'2026-05-11 20:15:11',15,1054.00,'2026-05-11 13:15:11.329613',1),(537,NULL,NULL,NULL,'2026-05-11 20:15:11',10,1056.00,'2026-05-11 13:15:11.348614',1),(538,NULL,NULL,NULL,'2026-05-11 20:15:11',12,1057.00,'2026-05-11 13:15:11.369613',1),(539,NULL,NULL,NULL,'2026-05-11 20:15:11',14,1058.00,'2026-05-11 13:15:11.392613',1),(540,NULL,NULL,NULL,'2026-05-11 20:15:11',15,1059.00,'2026-05-11 13:15:11.407612',1),(541,NULL,NULL,NULL,'2026-05-11 20:15:11',10,1061.00,'2026-05-11 13:15:11.433612',1),(542,NULL,NULL,NULL,'2026-05-11 20:15:11',12,1062.00,'2026-05-11 13:15:11.448612',1),(543,NULL,NULL,NULL,'2026-05-11 20:15:11',14,1063.00,'2026-05-11 13:15:11.463612',1),(544,NULL,NULL,NULL,'2026-05-11 20:15:11',15,1064.00,'2026-05-11 13:15:11.478614',1),(545,NULL,NULL,NULL,'2026-05-11 20:15:11',10,1066.00,'2026-05-11 13:15:11.513613',1),(546,NULL,NULL,NULL,'2026-05-11 20:15:11',12,1067.00,'2026-05-11 13:15:11.543613',1),(547,NULL,NULL,NULL,'2026-05-11 20:15:11',14,1068.00,'2026-05-11 13:15:11.567612',1),(548,NULL,NULL,NULL,'2026-05-11 20:15:11',15,1069.00,'2026-05-11 13:15:11.587613',1),(549,NULL,NULL,NULL,'2026-05-11 20:15:11',10,1076.00,'2026-05-11 13:15:11.649614',1),(550,NULL,NULL,NULL,'2026-05-11 20:15:11',12,1077.00,'2026-05-11 13:15:11.679648',1),(551,NULL,NULL,NULL,'2026-05-11 20:15:11',15,1079.00,'2026-05-11 13:15:11.710616',1),(552,NULL,NULL,NULL,'2026-05-11 20:15:11',12,1082.00,'2026-05-11 13:15:11.741615',1),(553,NULL,NULL,NULL,'2026-05-11 20:15:11',15,1084.00,'2026-05-11 13:15:11.757612',1),(554,NULL,NULL,NULL,'2026-05-11 20:15:11',14,1088.00,'2026-05-11 13:15:11.790614',1),(555,NULL,NULL,NULL,'2026-05-11 20:15:11',15,1089.00,'2026-05-11 13:15:11.805613',1),(556,NULL,NULL,NULL,'2026-05-11 20:15:11',12,1092.00,'2026-05-11 13:15:11.831613',1),(557,NULL,NULL,NULL,'2026-05-11 20:15:11',14,1093.00,'2026-05-11 13:15:11.856616',1),(558,NULL,NULL,NULL,'2026-05-11 20:15:11',15,1094.00,'2026-05-11 13:15:11.878613',1),(559,NULL,NULL,NULL,'2026-05-11 20:15:11',10,1096.00,'2026-05-11 13:15:11.898612',1),(560,NULL,NULL,NULL,'2026-05-11 20:15:11',12,1097.00,'2026-05-11 13:15:11.917616',1),(561,NULL,NULL,NULL,'2026-05-11 20:15:13',12,1000000.00,'2026-05-11 13:15:13.356247',1),(562,NULL,NULL,NULL,'2026-05-11 20:18:30',14,1008.00,'2026-05-11 13:18:30.002513',1),(563,NULL,NULL,NULL,'2026-05-11 20:18:30',15,1009.00,'2026-05-11 13:18:30.036512',1),(564,NULL,NULL,NULL,'2026-05-11 20:18:30',10,1011.00,'2026-05-11 13:18:30.057515',1),(565,NULL,NULL,NULL,'2026-05-11 20:18:30',12,1012.00,'2026-05-11 13:18:30.101512',1),(566,NULL,NULL,NULL,'2026-05-11 20:18:30',10,1016.00,'2026-05-11 13:18:30.140514',1),(567,NULL,NULL,NULL,'2026-05-11 20:18:30',12,1017.00,'2026-05-11 13:18:30.154512',1),(568,NULL,NULL,NULL,'2026-05-11 20:18:30',15,1019.00,'2026-05-11 13:18:30.169836',1),(569,NULL,NULL,NULL,'2026-05-11 20:18:30',14,1023.00,'2026-05-11 13:18:30.183621',1),(570,NULL,NULL,NULL,'2026-05-11 20:18:30',15,1024.00,'2026-05-11 13:18:30.204128',1),(571,NULL,NULL,NULL,'2026-05-11 20:18:30',12,1027.00,'2026-05-11 13:18:30.219328',1),(572,NULL,NULL,NULL,'2026-05-11 20:18:30',14,1028.00,'2026-05-11 13:18:30.239960',1),(573,NULL,NULL,NULL,'2026-05-11 20:18:30',12,1032.00,'2026-05-11 13:18:30.271122',1),(574,NULL,NULL,NULL,'2026-05-11 20:18:30',15,1034.00,'2026-05-11 13:18:30.300233',1),(575,NULL,NULL,NULL,'2026-05-11 20:18:30',12,1037.00,'2026-05-11 13:18:30.341772',1),(576,NULL,NULL,NULL,'2026-05-11 20:18:30',10,1041.00,'2026-05-11 13:18:30.379726',1),(577,NULL,NULL,NULL,'2026-05-11 20:18:30',12,1042.00,'2026-05-11 13:18:30.396030',1),(578,NULL,NULL,NULL,'2026-05-11 20:18:30',14,1043.00,'2026-05-11 13:18:30.409860',1),(579,NULL,NULL,NULL,'2026-05-11 20:18:30',15,1044.00,'2026-05-11 13:18:30.422491',1),(580,NULL,NULL,NULL,'2026-05-11 20:18:30',10,1046.00,'2026-05-11 13:18:30.449802',1),(581,NULL,NULL,NULL,'2026-05-11 20:18:30',14,1048.00,'2026-05-11 13:18:30.465407',1),(582,NULL,NULL,NULL,'2026-05-11 20:18:30',15,1049.00,'2026-05-11 13:18:30.480741',1),(583,NULL,NULL,NULL,'2026-05-11 20:18:30',10,1051.00,'2026-05-11 13:18:30.497343',1),(584,NULL,NULL,NULL,'2026-05-11 20:18:30',12,1052.00,'2026-05-11 13:18:30.513603',1),(585,NULL,NULL,NULL,'2026-05-11 20:18:30',14,1053.00,'2026-05-11 13:18:30.530603',1),(586,NULL,NULL,NULL,'2026-05-11 20:18:30',15,1059.00,'2026-05-11 13:18:30.561783',1),(587,NULL,NULL,NULL,'2026-05-11 20:18:30',10,1061.00,'2026-05-11 13:18:30.581782',1),(588,NULL,NULL,NULL,'2026-05-11 20:18:30',12,1062.00,'2026-05-11 13:18:30.602903',1),(589,NULL,NULL,NULL,'2026-05-11 20:18:30',14,1063.00,'2026-05-11 13:18:30.620175',1),(590,NULL,NULL,NULL,'2026-05-11 20:18:30',10,1066.00,'2026-05-11 13:18:30.648766',1),(591,NULL,NULL,NULL,'2026-05-11 20:18:30',12,1067.00,'2026-05-11 13:18:30.660768',1),(592,NULL,NULL,NULL,'2026-05-11 20:18:30',14,1068.00,'2026-05-11 13:18:30.673558',1),(593,NULL,NULL,NULL,'2026-05-11 20:18:30',12,1072.00,'2026-05-11 13:18:30.699290',1),(594,NULL,NULL,NULL,'2026-05-11 20:18:30',14,1073.00,'2026-05-11 13:18:30.715649',1),(595,NULL,NULL,NULL,'2026-05-11 20:18:30',15,1074.00,'2026-05-11 13:18:30.731650',1),(596,NULL,NULL,NULL,'2026-05-11 20:18:30',12,1077.00,'2026-05-11 13:18:30.750652',1),(597,NULL,NULL,NULL,'2026-05-11 20:18:30',14,1078.00,'2026-05-11 13:18:30.771144',1),(598,NULL,NULL,NULL,'2026-05-11 20:18:30',10,1081.00,'2026-05-11 13:18:30.800143',1),(599,NULL,NULL,NULL,'2026-05-11 20:18:30',12,1082.00,'2026-05-11 13:18:30.815143',1),(600,NULL,NULL,NULL,'2026-05-11 20:18:30',14,1083.00,'2026-05-11 13:18:30.833143',1),(601,NULL,NULL,NULL,'2026-05-11 20:18:30',15,1084.00,'2026-05-11 13:18:30.847149',1),(602,NULL,NULL,NULL,'2026-05-11 20:18:30',10,1086.00,'2026-05-11 13:18:30.870233',1),(603,NULL,NULL,NULL,'2026-05-11 20:18:30',12,1087.00,'2026-05-11 13:18:30.884313',1),(604,NULL,NULL,NULL,'2026-05-11 20:18:30',15,1089.00,'2026-05-11 13:18:30.899235',1),(605,NULL,NULL,NULL,'2026-05-11 20:18:30',10,1091.00,'2026-05-11 13:18:30.925317',1),(606,NULL,NULL,NULL,'2026-05-11 20:18:30',12,1092.00,'2026-05-11 13:18:30.940236',1),(607,NULL,NULL,NULL,'2026-05-11 20:18:30',14,1093.00,'2026-05-11 13:18:30.954233',1),(608,NULL,NULL,NULL,'2026-05-11 20:18:30',15,1094.00,'2026-05-11 13:18:30.973235',1),(609,NULL,NULL,NULL,'2026-05-11 20:18:31',10,1096.00,'2026-05-11 13:18:31.003234',1),(610,NULL,NULL,NULL,'2026-05-11 20:18:31',12,1097.00,'2026-05-11 13:18:31.018235',1),(611,NULL,NULL,NULL,'2026-05-11 20:18:31',14,1098.00,'2026-05-11 13:18:31.035233',1),(612,NULL,NULL,NULL,'2026-05-11 20:18:31',15,1099.00,'2026-05-11 13:18:31.052232',1),(613,NULL,NULL,NULL,'2026-05-11 20:22:59',15,1009.00,'2026-05-11 13:22:59.437351',1),(614,NULL,NULL,NULL,'2026-05-11 20:22:59',12,1012.00,'2026-05-11 13:22:59.531352',1),(615,NULL,NULL,NULL,'2026-05-11 20:22:59',15,1014.00,'2026-05-11 13:22:59.606352',1),(616,NULL,NULL,NULL,'2026-05-11 20:22:59',10,1016.00,'2026-05-11 13:22:59.630352',1),(617,NULL,NULL,NULL,'2026-05-11 20:22:59',12,1017.00,'2026-05-11 13:22:59.672351',1),(618,NULL,NULL,NULL,'2026-05-11 20:22:59',14,1018.00,'2026-05-11 13:22:59.699357',1),(619,NULL,NULL,NULL,'2026-05-11 20:22:59',15,1019.00,'2026-05-11 13:22:59.737351',1),(620,NULL,NULL,NULL,'2026-05-11 20:22:59',12,1022.00,'2026-05-11 13:22:59.796352',1),(621,NULL,NULL,NULL,'2026-05-11 20:22:59',15,1024.00,'2026-05-11 13:22:59.857352',1),(622,NULL,NULL,NULL,'2026-05-11 20:22:59',10,1026.00,'2026-05-11 13:22:59.902351',1),(623,NULL,NULL,NULL,'2026-05-11 20:22:59',12,1027.00,'2026-05-11 13:22:59.923352',1),(624,NULL,NULL,NULL,'2026-05-11 20:22:59',14,1028.00,'2026-05-11 13:22:59.941352',1),(625,NULL,NULL,NULL,'2026-05-11 20:22:59',15,1029.00,'2026-05-11 13:22:59.968351',1),(626,NULL,NULL,NULL,'2026-05-11 20:23:00',10,1031.00,'2026-05-11 13:23:00.007351',1),(627,NULL,NULL,NULL,'2026-05-11 20:23:00',12,1032.00,'2026-05-11 13:23:00.023352',1),(628,NULL,NULL,NULL,'2026-05-11 20:23:00',14,1033.00,'2026-05-11 13:23:00.048354',1),(629,NULL,NULL,NULL,'2026-05-11 20:23:00',15,1034.00,'2026-05-11 13:23:00.069352',1),(630,NULL,NULL,NULL,'2026-05-11 20:23:00',10,1036.00,'2026-05-11 13:23:00.099351',1),(631,NULL,NULL,NULL,'2026-05-11 20:23:00',12,1037.00,'2026-05-11 13:23:00.114352',1),(632,NULL,NULL,NULL,'2026-05-11 20:23:00',15,1039.00,'2026-05-11 13:23:00.132352',1),(633,NULL,NULL,NULL,'2026-05-11 20:23:00',10,1041.00,'2026-05-11 13:23:00.150350',1),(634,NULL,NULL,NULL,'2026-05-11 20:23:00',12,1042.00,'2026-05-11 13:23:00.176357',1),(635,NULL,NULL,NULL,'2026-05-11 20:23:00',14,1043.00,'2026-05-11 13:23:00.192351',1),(636,NULL,NULL,NULL,'2026-05-11 20:23:00',14,1048.00,'2026-05-11 13:23:00.221354',1),(637,NULL,NULL,NULL,'2026-05-11 20:23:00',15,1049.00,'2026-05-11 13:23:00.241354',1),(638,NULL,NULL,NULL,'2026-05-11 20:23:00',10,1051.00,'2026-05-11 13:23:00.268537',1),(639,NULL,NULL,NULL,'2026-05-11 20:23:00',12,1052.00,'2026-05-11 13:23:00.282630',1),(640,NULL,NULL,NULL,'2026-05-11 20:23:00',14,1053.00,'2026-05-11 13:23:00.294318',1),(641,NULL,NULL,NULL,'2026-05-11 20:23:00',15,1054.00,'2026-05-11 13:23:00.309917',1),(642,NULL,NULL,NULL,'2026-05-11 20:23:00',10,1056.00,'2026-05-11 13:23:00.335851',1),(643,NULL,NULL,NULL,'2026-05-11 20:23:00',12,1057.00,'2026-05-11 13:23:00.347875',1),(644,NULL,NULL,NULL,'2026-05-11 20:23:00',15,1059.00,'2026-05-11 13:23:00.363831',1),(645,NULL,NULL,NULL,'2026-05-11 20:23:00',10,1061.00,'2026-05-11 13:23:00.376808',1),(646,NULL,NULL,NULL,'2026-05-11 20:23:00',12,1062.00,'2026-05-11 13:23:00.392935',1),(647,NULL,NULL,NULL,'2026-05-11 20:23:00',14,1063.00,'2026-05-11 13:23:00.408507',1),(648,NULL,NULL,NULL,'2026-05-11 20:23:00',15,1064.00,'2026-05-11 13:23:00.421929',1),(649,NULL,NULL,NULL,'2026-05-11 20:23:00',10,1066.00,'2026-05-11 13:23:00.445929',1),(650,NULL,NULL,NULL,'2026-05-11 20:23:00',12,1067.00,'2026-05-11 13:23:00.459368',1),(651,NULL,NULL,NULL,'2026-05-11 20:23:00',14,1068.00,'2026-05-11 13:23:00.470853',1),(652,NULL,NULL,NULL,'2026-05-11 20:23:00',15,1069.00,'2026-05-11 13:23:00.483854',1),(653,NULL,NULL,NULL,'2026-05-11 20:23:00',10,1071.00,'2026-05-11 13:23:00.512855',1),(654,NULL,NULL,NULL,'2026-05-11 20:23:00',12,1072.00,'2026-05-11 13:23:00.529854',1),(655,NULL,NULL,NULL,'2026-05-11 20:23:00',14,1073.00,'2026-05-11 13:23:00.545854',1),(656,NULL,NULL,NULL,'2026-05-11 20:23:00',15,1074.00,'2026-05-11 13:23:00.560853',1),(657,NULL,NULL,NULL,'2026-05-11 20:23:00',10,1076.00,'2026-05-11 13:23:00.575854',1),(658,NULL,NULL,NULL,'2026-05-11 20:23:00',12,1077.00,'2026-05-11 13:23:00.589857',1),(659,NULL,NULL,NULL,'2026-05-11 20:23:00',14,1078.00,'2026-05-11 13:23:00.608984',1),(660,NULL,NULL,NULL,'2026-05-11 20:23:00',15,1079.00,'2026-05-11 13:23:00.621986',1),(661,NULL,NULL,NULL,'2026-05-11 20:23:00',10,1081.00,'2026-05-11 13:23:00.647983',1),(662,NULL,NULL,NULL,'2026-05-11 20:23:00',12,1082.00,'2026-05-11 13:23:00.659982',1),(663,NULL,NULL,NULL,'2026-05-11 20:23:00',15,1084.00,'2026-05-11 13:23:00.675983',1),(664,NULL,NULL,NULL,'2026-05-11 20:23:00',12,1087.00,'2026-05-11 13:23:00.705985',1),(665,NULL,NULL,NULL,'2026-05-11 20:23:00',15,1089.00,'2026-05-11 13:23:00.725985',1),(666,NULL,NULL,NULL,'2026-05-11 20:23:00',10,1091.00,'2026-05-11 13:23:00.752984',1),(667,NULL,NULL,NULL,'2026-05-11 20:23:00',12,1092.00,'2026-05-11 13:23:00.775985',1),(668,NULL,NULL,NULL,'2026-05-11 20:23:00',14,1093.00,'2026-05-11 13:23:00.792985',1),(669,NULL,NULL,NULL,'2026-05-11 20:23:00',15,1094.00,'2026-05-11 13:23:00.810983',1),(670,NULL,NULL,NULL,'2026-05-11 20:23:00',10,1096.00,'2026-05-11 13:23:00.836983',1),(671,NULL,NULL,NULL,'2026-05-11 20:23:00',12,1097.00,'2026-05-11 13:23:00.847982',1),(672,NULL,NULL,NULL,'2026-05-11 20:23:00',14,1098.00,'2026-05-11 13:23:00.858982',1),(673,NULL,NULL,NULL,'2026-05-11 20:23:00',15,1099.00,'2026-05-11 13:23:00.870982',1),(674,NULL,NULL,NULL,'2026-05-11 20:35:16',12,20000.00,'2026-05-11 13:35:16.322189',1),(675,NULL,NULL,NULL,'2026-05-11 20:35:31',10,300000.00,'2026-05-11 13:35:31.483593',1),(676,NULL,NULL,NULL,'2026-05-11 20:35:35',10,99999999.00,'2026-05-11 13:35:35.121543',1),(677,NULL,NULL,NULL,'2026-05-11 21:11:43',10,99999999.00,'2026-05-11 14:11:43.763765',2),(678,NULL,NULL,NULL,'2026-05-12 10:08:30',10,1000000.00,'2026-05-12 03:08:30.471111',3),(679,NULL,NULL,NULL,'2026-05-12 10:08:57',12,99999999.00,'2026-05-12 03:08:57.555991',3),(680,NULL,NULL,NULL,'2026-05-12 10:09:13',12,9999999999.00,'2026-05-12 03:09:13.047088',3),(681,NULL,NULL,NULL,'2026-05-12 10:09:36',12,99999999999.00,'2026-05-12 03:09:36.618512',2),(682,NULL,NULL,NULL,'2026-05-12 11:50:39',15,1009.00,'2026-05-12 04:50:39.358479',1),(683,NULL,NULL,NULL,'2026-05-12 11:50:39',10,1011.00,'2026-05-12 04:50:39.403757',1),(684,NULL,NULL,NULL,'2026-05-12 11:50:39',12,1012.00,'2026-05-12 04:50:39.424914',1),(685,NULL,NULL,NULL,'2026-05-12 11:50:39',14,1013.00,'2026-05-12 04:50:39.449709',1),(686,NULL,NULL,NULL,'2026-05-12 11:50:39',14,1023.00,'2026-05-12 04:50:39.465923',1),(687,NULL,NULL,NULL,'2026-05-12 11:50:39',10,1026.00,'2026-05-12 04:50:39.493924',1),(688,NULL,NULL,NULL,'2026-05-12 11:50:39',12,1027.00,'2026-05-12 04:50:39.525100',1),(689,NULL,NULL,NULL,'2026-05-12 11:50:39',14,1028.00,'2026-05-12 04:50:39.543778',1),(690,NULL,NULL,NULL,'2026-05-12 11:50:39',16,1030.00,'2026-05-12 04:50:39.562564',1),(691,NULL,NULL,NULL,'2026-05-12 11:50:39',10,1031.00,'2026-05-12 04:50:39.579591',1),(692,NULL,NULL,NULL,'2026-05-12 11:50:39',12,1032.00,'2026-05-12 04:50:39.595535',1),(693,NULL,NULL,NULL,'2026-05-12 11:50:39',14,1033.00,'2026-05-12 04:50:39.609993',1),(694,NULL,NULL,NULL,'2026-05-12 11:50:39',10,1036.00,'2026-05-12 04:50:39.624022',1),(695,NULL,NULL,NULL,'2026-05-12 11:50:39',14,1038.00,'2026-05-12 04:50:39.643841',1),(696,NULL,NULL,NULL,'2026-05-12 11:50:39',16,1040.00,'2026-05-12 04:50:39.662124',1),(697,NULL,NULL,NULL,'2026-05-12 11:50:39',10,1041.00,'2026-05-12 04:50:39.675189',1),(698,NULL,NULL,NULL,'2026-05-12 11:50:39',12,1042.00,'2026-05-12 04:50:39.694576',1),(699,NULL,NULL,NULL,'2026-05-12 11:50:39',15,1044.00,'2026-05-12 04:50:39.711236',1),(700,NULL,NULL,NULL,'2026-05-12 11:50:39',16,1045.00,'2026-05-12 04:50:39.725323',1),(701,NULL,NULL,NULL,'2026-05-12 11:50:39',12,1047.00,'2026-05-12 04:50:39.740877',1),(702,NULL,NULL,NULL,'2026-05-12 11:50:39',14,1048.00,'2026-05-12 04:50:39.753686',1),(703,NULL,NULL,NULL,'2026-05-12 11:50:39',15,1049.00,'2026-05-12 04:50:39.770845',1),(704,NULL,NULL,NULL,'2026-05-12 11:50:39',16,1050.00,'2026-05-12 04:50:39.789981',1),(705,NULL,NULL,NULL,'2026-05-12 11:50:39',10,1051.00,'2026-05-12 04:50:39.804707',1),(706,NULL,NULL,NULL,'2026-05-12 11:50:39',16,1055.00,'2026-05-12 04:50:39.821651',1),(707,NULL,NULL,NULL,'2026-05-12 11:50:39',10,1056.00,'2026-05-12 04:50:39.838204',1),(708,NULL,NULL,NULL,'2026-05-12 11:50:39',12,1057.00,'2026-05-12 04:50:39.856797',1),(709,NULL,NULL,NULL,'2026-05-12 11:50:39',14,1058.00,'2026-05-12 04:50:39.873740',1),(710,NULL,NULL,NULL,'2026-05-12 11:50:39',15,1059.00,'2026-05-12 04:50:39.888870',1),(711,NULL,NULL,NULL,'2026-05-12 11:50:39',16,1060.00,'2026-05-12 04:50:39.906479',1),(712,NULL,NULL,NULL,'2026-05-12 11:50:39',10,1061.00,'2026-05-12 04:50:39.923252',1),(713,NULL,NULL,NULL,'2026-05-12 11:50:39',12,1062.00,'2026-05-12 04:50:39.941072',1),(714,NULL,NULL,NULL,'2026-05-12 11:50:39',16,1065.00,'2026-05-12 04:50:39.954685',1),(715,NULL,NULL,NULL,'2026-05-12 11:50:39',10,1066.00,'2026-05-12 04:50:39.973825',1),(716,NULL,NULL,NULL,'2026-05-12 11:50:39',12,1067.00,'2026-05-12 04:50:39.990351',1),(717,NULL,NULL,NULL,'2026-05-12 11:50:40',14,1068.00,'2026-05-12 04:50:40.006808',1),(718,NULL,NULL,NULL,'2026-05-12 11:50:40',15,1069.00,'2026-05-12 04:50:40.021883',1),(719,NULL,NULL,NULL,'2026-05-12 11:50:40',16,1070.00,'2026-05-12 04:50:40.036046',1),(720,NULL,NULL,NULL,'2026-05-12 11:50:40',10,1071.00,'2026-05-12 04:50:40.050780',1),(721,NULL,NULL,NULL,'2026-05-12 11:50:40',12,1072.00,'2026-05-12 04:50:40.061993',1),(722,NULL,NULL,NULL,'2026-05-12 11:50:40',14,1073.00,'2026-05-12 04:50:40.073712',1),(723,NULL,NULL,NULL,'2026-05-12 11:50:40',15,1074.00,'2026-05-12 04:50:40.103050',1),(724,NULL,NULL,NULL,'2026-05-12 11:50:40',10,1076.00,'2026-05-12 04:50:40.116293',1),(725,NULL,NULL,NULL,'2026-05-12 11:50:40',15,1079.00,'2026-05-12 04:50:40.139703',1),(726,NULL,NULL,NULL,'2026-05-12 11:50:40',16,1080.00,'2026-05-12 04:50:40.154889',1),(727,NULL,NULL,NULL,'2026-05-12 11:50:40',10,1081.00,'2026-05-12 04:50:40.166493',1),(728,NULL,NULL,NULL,'2026-05-12 11:50:40',12,1082.00,'2026-05-12 04:50:40.181320',1),(729,NULL,NULL,NULL,'2026-05-12 11:50:40',14,1083.00,'2026-05-12 04:50:40.199767',1),(730,NULL,NULL,NULL,'2026-05-12 11:50:40',15,1084.00,'2026-05-12 04:50:40.213904',1),(731,NULL,NULL,NULL,'2026-05-12 11:50:40',10,1086.00,'2026-05-12 04:50:40.227369',1),(732,NULL,NULL,NULL,'2026-05-12 11:50:40',14,1088.00,'2026-05-12 04:50:40.241364',1),(733,NULL,NULL,NULL,'2026-05-12 11:50:40',16,1090.00,'2026-05-12 04:50:40.261084',1),(734,NULL,NULL,NULL,'2026-05-12 11:50:40',10,1091.00,'2026-05-12 04:50:40.274041',1),(735,NULL,NULL,NULL,'2026-05-12 11:50:40',12,1092.00,'2026-05-12 04:50:40.292673',1),(736,NULL,NULL,NULL,'2026-05-12 11:50:40',14,1093.00,'2026-05-12 04:50:40.311133',1),(737,NULL,NULL,NULL,'2026-05-12 11:50:40',15,1094.00,'2026-05-12 04:50:40.332518',1),(738,NULL,NULL,NULL,'2026-05-12 11:50:40',16,1095.00,'2026-05-12 04:50:40.348737',1),(739,NULL,NULL,NULL,'2026-05-12 11:50:40',10,1096.00,'2026-05-12 04:50:40.371243',1),(740,NULL,NULL,NULL,'2026-05-12 11:50:40',14,1098.00,'2026-05-12 04:50:40.387189',1),(741,NULL,NULL,NULL,'2026-05-12 11:50:40',16,1100.00,'2026-05-12 04:50:40.404661',1),(742,NULL,NULL,NULL,'2026-05-12 12:04:31',15,1004.00,'2026-05-12 05:04:31.504887',1),(743,NULL,NULL,NULL,'2026-05-12 12:04:31',16,1005.00,'2026-05-12 05:04:31.543228',1),(744,NULL,NULL,NULL,'2026-05-12 12:04:31',16,1010.00,'2026-05-12 05:04:31.569111',1),(745,NULL,NULL,NULL,'2026-05-12 12:04:31',14,1013.00,'2026-05-12 05:04:31.613947',1),(746,NULL,NULL,NULL,'2026-05-12 12:04:31',12,1017.00,'2026-05-12 05:04:31.636468',1),(747,NULL,NULL,NULL,'2026-05-12 12:04:31',14,1018.00,'2026-05-12 05:04:31.666208',1),(748,NULL,NULL,NULL,'2026-05-12 12:04:31',15,1019.00,'2026-05-12 05:04:31.695542',1),(749,NULL,NULL,NULL,'2026-05-12 12:04:31',16,1020.00,'2026-05-12 05:04:31.725129',1),(750,NULL,NULL,NULL,'2026-05-12 12:04:31',10,1021.00,'2026-05-12 05:04:31.755747',1),(751,NULL,NULL,NULL,'2026-05-12 12:04:31',12,1022.00,'2026-05-12 05:04:31.783001',1),(752,NULL,NULL,NULL,'2026-05-12 12:04:31',14,1023.00,'2026-05-12 05:04:31.808083',1),(753,NULL,NULL,NULL,'2026-05-12 12:04:31',15,1024.00,'2026-05-12 05:04:31.830882',1),(754,NULL,NULL,NULL,'2026-05-12 12:04:31',10,1026.00,'2026-05-12 05:04:31.852470',1),(755,NULL,NULL,NULL,'2026-05-12 12:04:31',12,1027.00,'2026-05-12 05:04:31.869126',1),(756,NULL,NULL,NULL,'2026-05-12 12:04:31',14,1028.00,'2026-05-12 05:04:31.896167',1),(757,NULL,NULL,NULL,'2026-05-12 12:04:31',16,1030.00,'2026-05-12 05:04:31.919601',1),(758,NULL,NULL,NULL,'2026-05-12 12:04:31',10,1031.00,'2026-05-12 05:04:31.938092',1),(759,NULL,NULL,NULL,'2026-05-12 12:04:31',14,1033.00,'2026-05-12 05:04:31.956626',1),(760,NULL,NULL,NULL,'2026-05-12 12:04:31',15,1034.00,'2026-05-12 05:04:31.983999',1),(761,NULL,NULL,NULL,'2026-05-12 12:04:32',16,1035.00,'2026-05-12 05:04:32.005704',1),(762,NULL,NULL,NULL,'2026-05-12 12:04:32',10,1036.00,'2026-05-12 05:04:32.019868',1),(763,NULL,NULL,NULL,'2026-05-12 12:04:32',12,1037.00,'2026-05-12 05:04:32.034540',1),(764,NULL,NULL,NULL,'2026-05-12 12:04:32',14,1038.00,'2026-05-12 05:04:32.051976',1),(765,NULL,NULL,NULL,'2026-05-12 12:04:32',15,1039.00,'2026-05-12 05:04:32.069435',1),(766,NULL,NULL,NULL,'2026-05-12 12:04:32',10,1041.00,'2026-05-12 05:04:32.083723',1),(767,NULL,NULL,NULL,'2026-05-12 12:04:32',14,1043.00,'2026-05-12 05:04:32.097388',1),(768,NULL,NULL,NULL,'2026-05-12 12:04:32',15,1044.00,'2026-05-12 05:04:32.111092',1),(769,NULL,NULL,NULL,'2026-05-12 12:04:32',16,1045.00,'2026-05-12 05:04:32.129590',1),(770,NULL,NULL,NULL,'2026-05-12 12:04:32',10,1046.00,'2026-05-12 05:04:32.142176',1),(771,NULL,NULL,NULL,'2026-05-12 12:04:32',12,1047.00,'2026-05-12 05:04:32.157407',1),(772,NULL,NULL,NULL,'2026-05-12 12:04:32',14,1048.00,'2026-05-12 05:04:32.172169',1),(773,NULL,NULL,NULL,'2026-05-12 12:04:32',16,1050.00,'2026-05-12 05:04:32.186994',1),(774,NULL,NULL,NULL,'2026-05-12 12:04:32',10,1051.00,'2026-05-12 05:04:32.205606',1),(775,NULL,NULL,NULL,'2026-05-12 12:04:32',12,1052.00,'2026-05-12 05:04:32.221213',1),(776,NULL,NULL,NULL,'2026-05-12 12:04:32',15,1054.00,'2026-05-12 05:04:32.238862',1),(777,NULL,NULL,NULL,'2026-05-12 12:04:32',16,1055.00,'2026-05-12 05:04:32.253928',1),(778,NULL,NULL,NULL,'2026-05-12 12:04:32',10,1056.00,'2026-05-12 05:04:32.273422',1),(779,NULL,NULL,NULL,'2026-05-12 12:04:32',12,1057.00,'2026-05-12 05:04:32.290726',1),(780,NULL,NULL,NULL,'2026-05-12 12:04:32',15,1059.00,'2026-05-12 05:04:32.306681',1),(781,NULL,NULL,NULL,'2026-05-12 12:04:32',16,1060.00,'2026-05-12 05:04:32.320151',1),(782,NULL,NULL,NULL,'2026-05-12 12:04:32',10,1061.00,'2026-05-12 05:04:32.335693',1),(783,NULL,NULL,NULL,'2026-05-12 12:04:32',15,1064.00,'2026-05-12 05:04:32.352229',1),(784,NULL,NULL,NULL,'2026-05-12 12:04:32',16,1065.00,'2026-05-12 05:04:32.365811',1),(785,NULL,NULL,NULL,'2026-05-12 12:04:32',10,1066.00,'2026-05-12 05:04:32.384693',1),(786,NULL,NULL,NULL,'2026-05-12 12:04:32',14,1068.00,'2026-05-12 05:04:32.398252',1),(787,NULL,NULL,NULL,'2026-05-12 12:04:32',15,1069.00,'2026-05-12 05:04:32.419408',1),(788,NULL,NULL,NULL,'2026-05-12 12:04:32',10,1071.00,'2026-05-12 05:04:32.436756',1),(789,NULL,NULL,NULL,'2026-05-12 12:04:32',12,1072.00,'2026-05-12 05:04:32.459798',1),(790,NULL,NULL,NULL,'2026-05-12 12:04:32',15,1074.00,'2026-05-12 05:04:32.475900',1),(791,NULL,NULL,NULL,'2026-05-12 12:04:32',16,1075.00,'2026-05-12 05:04:32.492828',1),(792,NULL,NULL,NULL,'2026-05-12 12:04:32',12,1077.00,'2026-05-12 05:04:32.508966',1),(793,NULL,NULL,NULL,'2026-05-12 12:04:32',15,1079.00,'2026-05-12 05:04:32.521510',1),(794,NULL,NULL,NULL,'2026-05-12 12:04:32',10,1081.00,'2026-05-12 05:04:32.538007',1),(795,NULL,NULL,NULL,'2026-05-12 12:04:32',14,1083.00,'2026-05-12 05:04:32.553632',1),(796,NULL,NULL,NULL,'2026-05-12 12:04:32',15,1084.00,'2026-05-12 05:04:32.569683',1),(797,NULL,NULL,NULL,'2026-05-12 12:04:32',10,1086.00,'2026-05-12 05:04:32.583205',1),(798,NULL,NULL,NULL,'2026-05-12 12:04:32',14,1088.00,'2026-05-12 05:04:32.603883',1),(799,NULL,NULL,NULL,'2026-05-12 12:04:32',15,1089.00,'2026-05-12 05:04:32.622823',1),(800,NULL,NULL,NULL,'2026-05-12 12:04:32',10,1091.00,'2026-05-12 05:04:32.640778',1),(801,NULL,NULL,NULL,'2026-05-12 12:04:32',14,1093.00,'2026-05-12 05:04:32.661823',1),(802,NULL,NULL,NULL,'2026-05-12 12:04:32',16,1095.00,'2026-05-12 05:04:32.681812',1),(803,NULL,NULL,NULL,'2026-05-12 12:04:32',12,1097.00,'2026-05-12 05:04:32.704257',1),(804,NULL,NULL,NULL,'2026-05-12 12:04:32',14,1098.00,'2026-05-12 05:04:32.727899',1),(805,NULL,NULL,NULL,'2026-05-12 12:04:32',15,1099.00,'2026-05-12 05:04:32.743774',1),(806,NULL,NULL,NULL,'2026-05-12 12:04:32',16,1100.00,'2026-05-12 05:04:32.758574',1),(807,NULL,NULL,NULL,'2026-05-12 12:09:18',10,1001.00,'2026-05-12 05:09:18.963521',1),(808,NULL,NULL,NULL,'2026-05-12 12:09:19',16,1010.00,'2026-05-12 05:09:19.006794',1),(809,NULL,NULL,NULL,'2026-05-12 12:09:19',10,1021.00,'2026-05-12 05:09:19.054480',1),(810,NULL,NULL,NULL,'2026-05-12 12:09:19',16,1025.00,'2026-05-12 05:09:19.090104',1),(811,NULL,NULL,NULL,'2026-05-12 12:09:19',10,1026.00,'2026-05-12 05:09:19.129141',1),(812,NULL,NULL,NULL,'2026-05-12 12:09:19',14,1028.00,'2026-05-12 05:09:19.147381',1),(813,NULL,NULL,NULL,'2026-05-12 12:09:19',15,1029.00,'2026-05-12 05:09:19.170841',1),(814,NULL,NULL,NULL,'2026-05-12 12:09:19',12,1032.00,'2026-05-12 05:09:19.196832',1),(815,NULL,NULL,NULL,'2026-05-12 12:09:19',14,1033.00,'2026-05-12 05:09:19.229510',1),(816,NULL,NULL,NULL,'2026-05-12 12:09:19',15,1034.00,'2026-05-12 05:09:19.256713',1),(817,NULL,NULL,NULL,'2026-05-12 12:09:19',16,1035.00,'2026-05-12 05:09:19.270425',1),(818,NULL,NULL,NULL,'2026-05-12 12:09:19',10,1036.00,'2026-05-12 05:09:19.286159',1),(819,NULL,NULL,NULL,'2026-05-12 12:09:19',12,1037.00,'2026-05-12 05:09:19.301678',1),(820,NULL,NULL,NULL,'2026-05-12 12:09:19',14,1038.00,'2026-05-12 05:09:19.317030',1),(821,NULL,NULL,NULL,'2026-05-12 12:09:19',15,1039.00,'2026-05-12 05:09:19.331531',1),(822,NULL,NULL,NULL,'2026-05-12 12:09:19',16,1040.00,'2026-05-12 05:09:19.347595',1),(823,NULL,NULL,NULL,'2026-05-12 12:09:19',10,1041.00,'2026-05-12 05:09:19.363976',1),(824,NULL,NULL,NULL,'2026-05-12 12:09:19',12,1042.00,'2026-05-12 05:09:19.379292',1),(825,NULL,NULL,NULL,'2026-05-12 12:09:19',14,1043.00,'2026-05-12 05:09:19.395639',1),(826,NULL,NULL,NULL,'2026-05-12 12:09:19',15,1044.00,'2026-05-12 05:09:19.410739',1),(827,NULL,NULL,NULL,'2026-05-12 12:09:19',16,1045.00,'2026-05-12 05:09:19.426307',1),(828,NULL,NULL,NULL,'2026-05-12 12:09:19',10,1046.00,'2026-05-12 05:09:19.440029',1),(829,NULL,NULL,NULL,'2026-05-12 12:09:19',14,1048.00,'2026-05-12 05:09:19.454125',1),(830,NULL,NULL,NULL,'2026-05-12 12:09:19',15,1049.00,'2026-05-12 05:09:19.472935',1),(831,NULL,NULL,NULL,'2026-05-12 12:09:19',12,1052.00,'2026-05-12 05:09:19.487309',1),(832,NULL,NULL,NULL,'2026-05-12 12:09:19',14,1053.00,'2026-05-12 05:09:19.504134',1),(833,NULL,NULL,NULL,'2026-05-12 12:09:19',15,1054.00,'2026-05-12 05:09:19.523182',1),(834,NULL,NULL,NULL,'2026-05-12 12:09:19',16,1055.00,'2026-05-12 05:09:19.542752',1),(835,NULL,NULL,NULL,'2026-05-12 12:09:19',10,1056.00,'2026-05-12 05:09:19.560771',1),(836,NULL,NULL,NULL,'2026-05-12 12:09:19',12,1057.00,'2026-05-12 05:09:19.578046',1),(837,NULL,NULL,NULL,'2026-05-12 12:09:19',14,1058.00,'2026-05-12 05:09:19.596909',1),(838,NULL,NULL,NULL,'2026-05-12 12:09:19',15,1059.00,'2026-05-12 05:09:19.612941',1),(839,NULL,NULL,NULL,'2026-05-12 12:09:19',12,1062.00,'2026-05-12 05:09:19.643814',1),(840,NULL,NULL,NULL,'2026-05-12 12:09:19',14,1063.00,'2026-05-12 05:09:19.674839',1),(841,NULL,NULL,NULL,'2026-05-12 12:09:19',15,1064.00,'2026-05-12 05:09:19.703687',1),(842,NULL,NULL,NULL,'2026-05-12 12:09:19',16,1065.00,'2026-05-12 05:09:19.730373',1),(843,NULL,NULL,NULL,'2026-05-12 12:09:19',10,1066.00,'2026-05-12 05:09:19.759559',1),(844,NULL,NULL,NULL,'2026-05-12 12:09:19',14,1068.00,'2026-05-12 05:09:19.784355',1),(845,NULL,NULL,NULL,'2026-05-12 12:09:19',16,1070.00,'2026-05-12 05:09:19.812262',1),(846,NULL,NULL,NULL,'2026-05-12 12:09:19',10,1071.00,'2026-05-12 05:09:19.832043',1),(847,NULL,NULL,NULL,'2026-05-12 12:09:19',14,1073.00,'2026-05-12 05:09:19.845462',1),(848,NULL,NULL,NULL,'2026-05-12 12:09:19',15,1074.00,'2026-05-12 05:09:19.862852',1),(849,NULL,NULL,NULL,'2026-05-12 12:09:19',16,1075.00,'2026-05-12 05:09:19.879396',1),(850,NULL,NULL,NULL,'2026-05-12 12:09:19',12,1077.00,'2026-05-12 05:09:19.893999',1),(851,NULL,NULL,NULL,'2026-05-12 12:09:19',14,1078.00,'2026-05-12 05:09:19.909884',1),(852,NULL,NULL,NULL,'2026-05-12 12:09:19',16,1080.00,'2026-05-12 05:09:19.924865',1),(853,NULL,NULL,NULL,'2026-05-12 12:09:19',12,1082.00,'2026-05-12 05:09:19.943479',1),(854,NULL,NULL,NULL,'2026-05-12 12:09:19',14,1083.00,'2026-05-12 05:09:19.960423',1),(855,NULL,NULL,NULL,'2026-05-12 12:09:19',15,1084.00,'2026-05-12 05:09:19.975735',1),(856,NULL,NULL,NULL,'2026-05-12 12:09:19',16,1085.00,'2026-05-12 05:09:19.994148',1),(857,NULL,NULL,NULL,'2026-05-12 12:09:20',10,1086.00,'2026-05-12 05:09:20.007117',1),(858,NULL,NULL,NULL,'2026-05-12 12:09:20',14,1088.00,'2026-05-12 05:09:20.020074',1),(859,NULL,NULL,NULL,'2026-05-12 12:09:20',15,1089.00,'2026-05-12 05:09:20.042002',1),(860,NULL,NULL,NULL,'2026-05-12 12:09:20',12,1092.00,'2026-05-12 05:09:20.061203',1),(861,NULL,NULL,NULL,'2026-05-12 12:09:20',15,1094.00,'2026-05-12 05:09:20.088673',1),(862,NULL,NULL,NULL,'2026-05-12 12:09:20',16,1095.00,'2026-05-12 05:09:20.108093',1),(863,NULL,NULL,NULL,'2026-05-12 12:09:20',10,1096.00,'2026-05-12 05:09:20.127928',1),(864,NULL,NULL,NULL,'2026-05-12 12:09:20',12,1097.00,'2026-05-12 05:09:20.147115',1),(865,NULL,NULL,NULL,'2026-05-12 12:09:20',14,1098.00,'2026-05-12 05:09:20.162091',1),(866,NULL,NULL,NULL,'2026-05-12 12:09:20',15,1099.00,'2026-05-12 05:09:20.178051',1),(867,NULL,NULL,NULL,'2026-05-12 12:09:20',16,1100.00,'2026-05-12 05:09:20.193998',1),(868,NULL,NULL,NULL,'2026-05-12 16:55:01',10,2222.00,'2026-05-12 09:55:01.343388',1),(869,NULL,NULL,NULL,'2026-05-16 21:57:24',12,12314.00,'2026-05-16 14:57:24.377245',1),(870,NULL,NULL,NULL,'2026-05-16 22:18:33',14,15555.00,'2026-05-16 15:18:33.612691',1),(871,NULL,NULL,NULL,'2026-05-16 22:28:07',14,16666.00,'2026-05-16 15:28:07.992802',1),(872,NULL,NULL,NULL,'2026-05-16 22:33:22',10,17000.00,'2026-05-16 15:33:22.743901',1),(873,NULL,NULL,NULL,'2026-05-16 23:04:01',10,18000.00,'2026-05-16 16:04:01.965922',1),(874,NULL,NULL,NULL,'2026-05-16 23:04:30',10,20000.00,'2026-05-16 16:04:30.317276',1),(875,NULL,NULL,NULL,'2026-05-16 23:19:50',10,21000.00,'2026-05-16 16:19:50.849139',1),(876,NULL,NULL,NULL,'2026-05-16 23:19:58',10,22000.00,'2026-05-16 16:19:58.071042',1),(877,NULL,NULL,NULL,'2026-05-17 00:30:43',12,23000.00,'2026-05-16 17:30:43.884662',1),(878,NULL,NULL,NULL,'2026-05-17 00:31:09',12,24000.00,'2026-05-16 17:31:09.694072',1),(879,NULL,NULL,NULL,'2026-05-17 01:10:10',12,25000.00,'2026-05-16 18:10:10.222469',1),(880,NULL,NULL,NULL,'2026-05-17 01:11:55',10,26000.00,'2026-05-16 18:11:55.574340',1),(881,NULL,NULL,NULL,'2026-05-17 01:22:41',12,38000.00,'2026-05-16 18:22:41.652864',1),(882,NULL,NULL,NULL,'2026-05-17 01:27:27',10,70000.00,'2026-05-16 18:27:27.143592',1),(883,NULL,NULL,NULL,'2026-05-17 01:28:05',10,81000.00,'2026-05-16 18:28:05.948719',1),(884,NULL,NULL,NULL,'2026-05-17 10:47:42',10,92000.00,'2026-05-17 03:47:42.280874',1),(885,NULL,NULL,NULL,'2026-05-17 10:54:55',10,103000.00,'2026-05-17 03:54:55.856479',1),(886,NULL,NULL,NULL,'2026-05-17 10:59:41',12,124000.00,'2026-05-17 03:59:41.104500',1),(887,NULL,NULL,NULL,'2026-05-17 11:00:04',10,500000.00,'2026-05-17 04:00:04.424504',1),(888,NULL,NULL,NULL,'2026-05-17 12:13:42',12,1000000.00,'2026-05-17 05:13:42.875641',1),(889,NULL,NULL,NULL,'2026-05-17 16:15:44',10,1200000.00,'2026-05-17 09:15:44.259357',1),(890,NULL,NULL,NULL,'2026-05-17 16:24:03',12,1300000.00,'2026-05-17 09:24:03.015219',1),(891,NULL,NULL,NULL,'2026-05-17 16:33:08',12,1401000.00,'2026-05-17 09:33:08.010272',1);
/*!40000 ALTER TABLE `bids` ENABLE KEYS */;
UNLOCK TABLES;

--
-- Table structure for table `items`
--

DROP TABLE IF EXISTS `items`;
/*!40101 SET @saved_cs_client     = @@character_set_client */;
/*!50503 SET character_set_client = utf8mb4 */;
CREATE TABLE `items` (
  `id` int NOT NULL AUTO_INCREMENT,
  `current_price` double DEFAULT NULL,
  `end_time` datetime(6) DEFAULT NULL,
  `image_path` varchar(255) DEFAULT NULL,
  `name` varchar(255) DEFAULT NULL,
  `start_time` datetime(6) DEFAULT NULL,
  `status` varchar(255) DEFAULT NULL,
  `type` varchar(255) DEFAULT NULL,
  `category` varchar(31) NOT NULL,
  `description` text,
  PRIMARY KEY (`id`)
) ENGINE=InnoDB AUTO_INCREMENT=10 DEFAULT CHARSET=utf8mb4 COLLATE=utf8mb4_0900_ai_ci;
/*!40101 SET character_set_client = @saved_cs_client */;

--
-- Dumping data for table `items`
--

LOCK TABLES `items` WRITE;
/*!40000 ALTER TABLE `items` DISABLE KEYS */;
INSERT INTO `items` VALUES (1,15000000,'2026-04-30 23:59:59.000000','iphone.jpg','iPhone 13 128GB','2026-04-21 08:00:00.000000','ACTIVE','phone','electronics',NULL),(2,NULL,NULL,'iphone.jpg','Mô hình One Piece Luffy Gear 5',NULL,NULL,NULL,'art',NULL),(3,NULL,NULL,'luffy.png','Mô hình One Piece Luffy Gear 5',NULL,NULL,NULL,'art',NULL),(4,NULL,NULL,'luffy.png','Mô hình One Piece Luffy Gear 5',NULL,NULL,NULL,'art',NULL),(5,NULL,NULL,'luffy.png','Mô hình One Piece Luffy Gear 5',NULL,NULL,NULL,'art',NULL),(7,NULL,NULL,'https://suckhoedoisong.qltns.mediacdn.vn/324455921873985536/2022/4/25/trong-muop-huong-11-1650895342271997058777.jpg','muop',NULL,NULL,'Art','art','muop con'),(8,NULL,NULL,'','cnocac',NULL,NULL,'Electronics','electronics','adawd'),(9,NULL,NULL,'deoco','phanlamviecdi',NULL,NULL,'Electronics','electronics','dungluoi');
/*!40000 ALTER TABLE `items` ENABLE KEYS */;
UNLOCK TABLES;

--
-- Table structure for table `products`
--

DROP TABLE IF EXISTS `products`;
/*!40101 SET @saved_cs_client     = @@character_set_client */;
/*!50503 SET character_set_client = utf8mb4 */;
CREATE TABLE `products` (
  `id` int NOT NULL AUTO_INCREMENT,
  `image_path` varchar(255) DEFAULT NULL,
  `name` varchar(255) DEFAULT NULL,
  `type` varchar(255) DEFAULT NULL,
  `description` text,
  `image_url` varchar(255) DEFAULT NULL,
  PRIMARY KEY (`id`)
) ENGINE=InnoDB AUTO_INCREMENT=4 DEFAULT CHARSET=utf8mb4 COLLATE=utf8mb4_0900_ai_ci;
/*!40101 SET character_set_client = @saved_cs_client */;

--
-- Dumping data for table `products`
--

LOCK TABLES `products` WRITE;
/*!40000 ALTER TABLE `products` DISABLE KEYS */;
INSERT INTO `products` VALUES (1,'iphone.jpg','Laptop Lenovo Legion 5','Electronics',NULL,NULL),(2,'upload/images/luffy.png','Mô hình One Piece Luffy Gear 5','toy',NULL,NULL),(3,NULL,'Laptop Dell XPS 13','Electronics','Máy còn mới, pin tốt','https://example.com/laptop.jpg');
/*!40000 ALTER TABLE `products` ENABLE KEYS */;
UNLOCK TABLES;

--
-- Table structure for table `users`
--

DROP TABLE IF EXISTS `users`;
/*!40101 SET @saved_cs_client     = @@character_set_client */;
/*!50503 SET character_set_client = utf8mb4 */;
CREATE TABLE `users` (
  `id` int NOT NULL AUTO_INCREMENT,
  `username` varchar(50) NOT NULL,
  `password` varchar(255) NOT NULL,
  `full_name` varchar(100) DEFAULT NULL,
  `balance` decimal(38,2) DEFAULT NULL,
  `cccd` varchar(20) DEFAULT NULL,
  `dob` varchar(255) DEFAULT NULL,
  `pob` varchar(255) DEFAULT NULL,
  `email` varchar(255) DEFAULT NULL,
  `fullname` varchar(255) DEFAULT NULL,
  `place_of_birth` varchar(255) DEFAULT NULL,
  `role` varchar(255) DEFAULT NULL,
  `is_business` bit(1) DEFAULT NULL,
  `shop_name` varchar(255) DEFAULT NULL,
  `tax_id` varchar(255) DEFAULT NULL,
  `employee_code` varchar(20) DEFAULT NULL,
  `admin_role` enum('SUPER_ADMIN','MODERATOR','SUPPORT') NOT NULL,
  `dtype` varchar(31) NOT NULL,
  `banned` bit(1) NOT NULL,
  PRIMARY KEY (`id`),
  UNIQUE KEY `username` (`username`),
  UNIQUE KEY `cccd` (`cccd`)
) ENGINE=InnoDB AUTO_INCREMENT=18 DEFAULT CHARSET=utf8mb4 COLLATE=utf8mb4_0900_ai_ci;
/*!40101 SET character_set_client = @saved_cs_client */;

--
-- Dumping data for table `users`
--

LOCK TABLES `users` WRITE;
/*!40000 ALTER TABLE `users` DISABLE KEYS */;
INSERT INTO `users` VALUES (10,'chuvanan','123',NULL,0.00,NULL,NULL,NULL,'bodoiqua189@gmail.com','chu van an',NULL,'seller',NULL,NULL,NULL,'','SUPER_ADMIN','',_binary '\0'),(12,'lethanhtung','lethanhtung',NULL,0.00,NULL,NULL,NULL,'giaovien895@gmail.com','le thanh tung',NULL,'seller',NULL,NULL,NULL,'','SUPER_ADMIN','',_binary '\0'),(14,'ok','112233',NULL,0.00,NULL,NULL,NULL,'val261263@gmail.com','ok',NULL,'seller',_binary '\0','Shop Test','TAX001','','SUPER_ADMIN','',_binary '\0'),(15,'phanbuom','phanbuom1',NULL,0.00,NULL,NULL,NULL,'faverrices@gmail.com','Nguyễn Hà Phan',NULL,'admin',NULL,NULL,NULL,'ADM001','SUPER_ADMIN','',_binary '\0'),(16,'tung','tung',NULL,0.00,NULL,NULL,NULL,'tung@gmail.com','tung',NULL,'user',NULL,NULL,NULL,NULL,'SUPER_ADMIN','',_binary '\0'),(17,'okoo','ok',NULL,0.00,NULL,NULL,NULL,'ok@gmail.com','okoo',NULL,'user',NULL,NULL,NULL,NULL,'SUPER_ADMIN','',_binary '\0');
/*!40000 ALTER TABLE `users` ENABLE KEYS */;
UNLOCK TABLES;
/*!40103 SET TIME_ZONE=@OLD_TIME_ZONE */;

/*!40101 SET SQL_MODE=@OLD_SQL_MODE */;
/*!40014 SET FOREIGN_KEY_CHECKS=@OLD_FOREIGN_KEY_CHECKS */;
/*!40014 SET UNIQUE_CHECKS=@OLD_UNIQUE_CHECKS */;
/*!40101 SET CHARACTER_SET_CLIENT=@OLD_CHARACTER_SET_CLIENT */;
/*!40101 SET CHARACTER_SET_RESULTS=@OLD_CHARACTER_SET_RESULTS */;
/*!40101 SET COLLATION_CONNECTION=@OLD_COLLATION_CONNECTION */;
/*!40111 SET SQL_NOTES=@OLD_SQL_NOTES */;

-- Dump completed on 2026-05-17 16:35:03
